alpha_deg,Z_plus_Pc_N,T_N,Pc_prime_N
0,-6119.54,-0,6974.2
0.5,-6117.76,-152.338,6974.2
1,-6112.44,-304.591,6974.2
1.5,-6103.57,-456.674,6974.2
2,-6091.16,-608.501,6974.2
2.5,-6075.21,-759.988,6974.2
3,-6055.74,-911.05,6974.2
3.5,-6032.76,-1061.6,6974.2
4,-6006.28,-1211.56,6974.2
4.5,-5976.31,-1360.84,6974.2
5,-5942.88,-1509.36,6974.2
5.5,-5906,-1657.04,6974.2
6,-5865.69,-1803.79,6974.2
6.5,-5821.98,-1949.53,6974.2
7,-5774.9,-2094.18,6974.2
7.5,-5724.46,-2237.67,6974.2
8,-5670.7,-2379.9,6974.2
8.5,-5613.66,-2520.81,6974.2
9,-5553.36,-2660.31,6974.2
9.5,-5489.84,-2798.33,6974.2
10,-5423.13,-2934.78,6974.2
10.5,-5353.28,-3069.61,6974.2
11,-5280.32,-3202.72,6974.2
11.5,-5204.3,-3334.05,6974.2
12,-5125.26,-3463.53,6974.2
12.5,-5043.25,-3591.08,6974.2
13,-4958.32,-3716.63,6974.2
13.5,-4870.5,-3840.12,6974.2
14,-4779.86,-3961.48,6974.2
14.5,-4686.45,-4080.64,6974.2
15,-4590.32,-4197.54,6974.2
15.5,-4491.52,-4312.11,6974.2
16,-4390.11,-4424.3,6974.2
16.5,-4286.16,-4534.04,6974.2
17,-4179.71,-4641.27,6974.2
17.5,-4070.84,-4745.95,6974.2
18,-3959.6,-4848,6974.2
18.5,-3846.06,-4947.38,6974.2
19,-3730.27,-5044.03,6974.2
19.5,-3612.32,-5137.91,6974.2
20,-3492.26,-5228.96,6974.2
20.5,-3370.17,-5317.14,6974.2
21,-3246.1,-5402.4,6974.2
21.5,-3120.14,-5484.7,6974.2
22,-2992.36,-5564,6974.2
22.5,-2862.82,-5640.26,6974.2
23,-2731.6,-5713.43,6974.2
23.5,-2598.78,-5783.49,6974.2
24,-2464.42,-5850.39,6974.2
24.5,-2328.61,-5914.11,6974.2
25,-2191.42,-5974.62,6974.2
25.5,-2052.93,-6031.88,6974.2
26,-1913.21,-6085.87,6974.2
26.5,-1772.34,-6136.57,6974.2
27,-1630.4,-6183.95,6974.2
27.5,-1487.47,-6227.99,6974.2
28,-1343.63,-6268.68,6974.2
28.5,-1198.96,-6305.99,6974.2
29,-1053.54,-6339.92,6974.2
29.5,-907.439,-6370.44,6974.2
30,-760.749,-6397.56,6974.2
30.5,-613.546,-6421.26,6974.2
31,-465.912,-6441.53,6974.2
31.5,-317.925,-6458.37,6974.2
32,-169.666,-6471.78,6974.2
32.5,-21.2151,-6481.76,6974.2
33,127.348,-6488.31,6974.2
33.5,275.943,-6491.43,6974.2
34,424.491,-6491.13,6974.2
34.5,572.913,-6487.42,6974.2
35,721.131,-6480.31,6974.2
35.5,869.065,-6469.8,6974.2
36,1016.64,-6455.92,6974.2
36.5,1163.77,-6438.67,6974.2
37,1310.39,-6418.08,6974.2
37.5,1456.42,-6394.17,6974.2
38,1601.79,-6366.95,6974.2
38.5,1746.41,-6336.45,6974.2
39,1890.21,-6302.7,6974.2
39.5,2033.13,-6265.72,6974.2
40,2175.09,-6225.54,6974.2
40.5,2316.01,-6182.19,6974.2
41,2455.84,-6135.71,6974.2
41.5,2594.49,-6086.12,6974.2
42,2731.9,-6033.47,6974.2
42.5,2868,-5977.79,6974.2
43,3002.73,-5919.12,6974.2
43.5,3136.02,-5857.5,6974.2
44,3267.81,-5792.97,6974.2
44.5,3398.03,-5725.58,6974.2
45,3526.62,-5655.37,6974.2
45.5,3653.53,-5582.39,6974.2
46,3778.69,-5506.69,6974.2
46.5,3902.05,-5428.31,6974.2
47,4023.55,-5347.31,6974.2
47.5,4143.13,-5263.74,6974.2
48,4260.75,-5177.65,6974.2
48.5,4376.35,-5089.1,6974.2
49,4489.89,-4998.14,6974.2
49.5,4601.3,-4904.84,6974.2
50,4710.55,-4809.24,6974.2
50.5,4817.59,-4711.41,6974.2
51,4922.38,-4611.41,6974.2
51.5,5024.88,-4509.29,6974.2
52,5125.04,-4405.13,6974.2
52.5,5222.83,-4298.98,6974.2
53,5318.2,-4190.91,6974.2
53.5,5411.13,-4080.97,6974.2
54,5501.58,-3969.25,6974.2
54.5,5589.52,-3855.79,6974.2
55,5674.92,-3740.68,6974.2
55.5,5757.74,-3623.97,6974.2
56,5837.98,-3505.74,6974.2
56.5,5915.59,-3386.04,6974.2
57,5990.55,-3264.96,6974.2
57.5,6062.85,-3142.55,6974.2
58,6132.47,-3018.89,6974.2
58.5,6199.38,-2894.05,6974.2
59,6263.58,-2768.1,6974.2
59.5,6325.05,-2641.1,6974.2
60,6383.77,-2513.13,6974.2
60.5,6439.73,-2384.25,6974.2
61,6492.94,-2254.54,6974.2
61.5,6543.37,-2124.07,6974.2
62,6591.03,-1992.9,6974.2
62.5,6635.91,-1861.11,6974.2
63,6678.01,-1728.76,6974.2
63.5,6717.32,-1595.93,6974.2
64,6753.87,-1462.68,6974.2
64.5,6787.63,-1329.09,6974.2
65,6818.63,-1195.22,6974.2
65.5,6846.86,-1061.14,6974.2
66,6872.34,-926.915,6974.2
66.5,6895.08,-792.617,6974.2
67,6915.09,-658.311,6974.2
67.5,6932.37,-524.064,6974.2
68,6946.95,-389.94,6974.2
68.5,6958.85,-256.006,6974.2
69,6968.07,-122.324,6974.2
69.5,6974.65,11.0399,6974.2
70,6978.59,144.024,6974.2
70.5,6979.93,276.567,6974.2
71,6978.69,408.606,6974.2
71.5,6974.88,540.082,6974.2
72,6968.55,670.934,6974.2
72.5,6959.71,801.105,6974.2
73,6948.4,930.536,6974.2
73.5,6934.64,1059.17,6974.2
74,6918.47,1186.95,6974.2
74.5,6899.92,1313.83,6974.2
75,6879.02,1439.75,6974.2
75.5,6855.81,1564.65,6974.2
76,6830.32,1688.49,6974.2
76.5,6802.59,1811.22,6974.2
77,6772.67,1932.78,6974.2
77.5,6740.58,2053.13,6974.2
78,6706.37,2172.22,6974.2
78.5,6670.07,2290.01,6974.2
79,6631.74,2406.45,6974.2
79.5,6591.4,2521.5,6974.2
80,6549.12,2635.12,6974.2
80.5,6504.92,2747.27,6974.2
81,6458.85,2857.9,6974.2
81.5,6410.96,2966.99,6974.2
82,6361.3,3074.49,6974.2
82.5,6309.91,3180.36,6974.2
83,6256.83,3284.58,6974.2
83.5,6202.12,3387.12,6974.2
84,6145.81,3487.93,6974.2
84.5,6087.97,3586.99,6974.2
85,6028.64,3684.28,6974.2
85.5,5967.86,3779.76,6974.2
86,5905.69,3873.42,6974.2
86.5,5842.18,3965.21,6974.2
87,5777.37,4055.13,6974.2
87.5,5711.31,4143.15,6974.2
88,5644.06,4229.25,6974.2
88.5,5575.66,4313.41,6974.2
89,5506.17,4395.62,6974.2
89.5,5435.62,4475.85,6974.2
90,5364.09,4554.1,6974.2
90.5,5291.6,4630.34,6974.2
91,5218.22,4704.57,6974.2
91.5,5143.99,4776.77,6974.2
92,5068.96,4846.94,6974.2
92.5,4993.18,4915.06,6974.2
93,4916.7,4981.14,6974.2
93.5,4839.57,5045.16,6974.2
94,4761.84,5107.11,6974.2
94.5,4683.55,5167.01,6974.2
95,4604.76,5224.83,6974.2
95.5,4525.5,5280.59,6974.2
96,4445.83,5334.27,6974.2
96.5,4365.8,5385.9,6974.2
97,4285.44,5435.45,6974.2
97.5,4204.81,5482.95,6974.2
98,4123.94,5528.38,6974.2
98.5,4042.89,5571.77,6974.2
99,3961.7,5613.11,6974.2
99.5,3880.41,5652.42,6974.2
100,3799.06,5689.69,6974.2
100.5,3717.7,5724.95,6974.2
101,3636.36,5758.2,6974.2
101.5,3555.09,5789.46,6974.2
102,3473.93,5818.72,6974.2
102.5,3392.91,5846.02,6974.2
103,3312.08,5871.37,6974.2
103.5,3231.47,5894.77,6974.2
104,3151.12,5916.24,6974.2
104.5,3071.06,5935.81,6974.2
105,2991.34,5953.49,6974.2
105.5,2911.97,5969.29,6974.2
106,2833.01,5983.24,6974.2
106.5,2754.48,5995.35,6974.2
107,2676.41,6005.65,6974.2
107.5,2598.83,6014.16,6974.2
108,2521.78,6020.89,6974.2
108.5,2445.29,6025.88,6974.2
109,2369.37,6029.14,6974.2
109.5,2294.07,6030.69,6974.2
110,2219.4,6030.57,6974.2
110.5,2145.39,6028.79,6974.2
111,2072.07,6025.37,6974.2
111.5,1999.46,6020.35,6974.2
112,1927.59,6013.75,6974.2
112.5,1856.47,6005.6,6974.2
113,1786.13,5995.91,6974.2
113.5,1716.59,5984.73,6974.2
114,1647.86,5972.06,6974.2
114.5,1579.97,5957.95,6974.2
115,1512.94,5942.42,6974.2
115.5,1446.77,5925.5,6974.2
116,1381.5,5907.21,6974.2
116.5,1317.12,5887.58,6974.2
117,1253.66,5866.64,6974.2
117.5,1191.12,5844.42,6974.2
118,1129.53,5820.95,6974.2
118.5,1068.89,5796.25,6974.2
119,1009.21,5770.36,6974.2
119.5,950.507,5743.3,6974.2
120,892.783,5715.1,6974.2
120.5,836.049,5685.79,6974.2
121,780.312,5655.4,6974.2
121.5,725.579,5623.95,6974.2
122,671.854,5591.48,6974.2
122.5,619.144,5558.01,6974.2
123,567.451,5523.58,6974.2
123.5,516.78,5488.2,6974.2
124,467.132,5451.91,6974.2
124.5,418.51,5414.74,6974.2
125,370.915,5376.71,6974.2
125.5,324.346,5337.85,6974.2
126,278.805,5298.19,6974.2
126.5,234.289,5257.76,6974.2
127,190.797,5216.58,6974.2
127.5,148.327,5174.68,6974.2
128,106.876,5132.08,6974.2
128.5,66.4396,5088.81,6974.2
129,27.0141,5044.91,6974.2
129.5,-11.4054,5000.38,6974.2
130,-48.8243,4955.26,6974.2
130.5,-85.2487,4909.58,6974.2
131,-120.685,4863.35,6974.2
131.5,-155.14,4816.61,6974.2
132,-188.623,4769.37,6974.2
132.5,-221.139,4721.66,6974.2
133,-252.7,4673.5,6974.2
133.5,-283.312,4624.92,6974.2
134,-312.987,4575.93,6974.2
134.5,-341.733,4526.57,6974.2
135,-369.562,4476.85,6974.2
135.5,-396.484,4426.78,6974.2
136,-422.51,4376.41,6974.2
136.5,-447.652,4325.73,6974.2
137,-471.921,4274.78,6974.2
137.5,-495.331,4223.57,6974.2
138,-517.892,4172.13,6974.2
138.5,-539.62,4120.46,6974.2
139,-560.526,4068.59,6974.2
139.5,-580.624,4016.54,6974.2
140,-599.927,3964.33,6974.2
140.5,-618.451,3911.96,6974.2
141,-636.208,3859.47,6974.2
141.5,-653.213,3806.85,6974.2
142,-669.482,3754.13,6974.2
142.5,-685.028,3701.33,6974.2
143,-699.866,3648.46,6974.2
143.5,-714.013,3595.52,6974.2
144,-727.482,3542.55,6974.2
144.5,-740.29,3489.54,6974.2
145,-752.452,3436.51,6974.2
145.5,-763.983,3383.48,6974.2
146,-774.899,3330.46,6974.2
146.5,-785.216,3277.45,6974.2
147,-794.95,3224.47,6974.2
147.5,-804.116,3171.53,6974.2
148,-812.73,3118.64,6974.2
148.5,-820.809,3065.8,6974.2
149,-828.368,3013.03,6974.2
149.5,-835.423,2960.34,6974.2
150,-841.989,2907.74,6974.2
150.5,-848.084,2855.22,6974.2
151,-853.721,2802.81,6974.2
151.5,-858.918,2750.5,6974.2
152,-863.69,2698.31,6974.2
152.5,-868.052,2646.23,6974.2
153,-872.021,2594.28,6974.2
153.5,-875.61,2542.46,6974.2
154,-878.836,2490.78,6974.2
154.5,-881.714,2439.23,6974.2
155,-884.258,2387.83,6974.2
155.5,-886.484,2336.58,6974.2
156,-888.407,2285.48,6974.2
156.5,-890.041,2234.53,6974.2
157,-891.399,2183.74,6974.2
157.5,-892.498,2133.11,6974.2
158,-893.35,2082.64,6974.2
158.5,-893.97,2032.33,6974.2
159,-894.371,1982.19,6974.2
159.5,-894.567,1932.21,6974.2
160,-894.57,1882.4,6974.2
160.5,-894.394,1832.75,6974.2
161,-894.053,1783.27,6974.2
161.5,-893.557,1733.95,6974.2
162,-892.919,1684.8,6974.2
162.5,-892.153,1635.81,6974.2
163,-891.268,1586.99,6974.2
163.5,-890.277,1538.33,6974.2
164,-889.192,1489.82,6974.2
164.5,-888.022,1441.48,6974.2
165,-886.779,1393.29,6974.2
165.5,-885.473,1345.25,6974.2
166,-884.115,1297.36,6974.2
166.5,-882.713,1249.62,6974.2
167,-881.278,1202.02,6974.2
167.5,-879.818,1154.56,6974.2
168,-878.343,1107.24,6974.2
168.5,-876.862,1060.05,6974.2
169,-875.382,1012.99,6974.2
169.5,-873.911,966.048,6974.2
170,-872.457,919.231,6974.2
170.5,-871.027,872.529,6974.2
171,-869.628,825.938,6974.2
171.5,-868.267,779.452,6974.2
172,-866.95,733.066,6974.2
172.5,-865.683,686.776,6974.2
173,-864.472,640.576,6974.2
173.5,-863.321,594.46,6974.2
174,-862.236,548.424,6974.2
174.5,-861.221,502.46,6974.2
175,-860.28,456.565,6974.2
175.5,-859.417,410.731,6974.2
176,-858.636,364.952,6974.2
176.5,-857.94,319.224,6974.2
177,-857.33,273.539,6974.2
177.5,-856.811,227.891,6974.2
178,-856.383,182.275,6974.2
178.5,-856.049,136.684,6974.2
179,-855.809,91.1125,6974.2
179.5,-855.664,45.5531,6974.2
180,-855.616,9.58876e-13,6974.2
180.5,-855.678,-45.5532,6974.2
181,-855.864,-91.1131,6974.2
181.5,-856.172,-136.687,6974.2
182,-856.603,-182.28,6974.2
182.5,-857.154,-227.901,6974.2
183,-857.825,-273.556,6974.2
183.5,-858.613,-319.251,6974.2
184,-859.515,-364.993,6974.2
184.5,-860.53,-410.789,6974.2
185,-861.654,-456.645,6974.2
185.5,-862.883,-502.567,6974.2
186,-864.214,-548.562,6974.2
186.5,-865.643,-594.637,6974.2
187,-867.165,-640.796,6974.2
187.5,-868.776,-687.047,6974.2
188,-870.469,-733.395,6974.2
188.5,-872.24,-779.847,6974.2
189,-874.082,-826.407,6974.2
189.5,-875.99,-873.081,6974.2
190,-877.957,-919.876,6974.2
190.5,-879.975,-966.795,6974.2
191,-882.038,-1013.84,6974.2
191.5,-884.138,-1061.03,6974.2
192,-886.267,-1108.35,6974.2
192.5,-888.418,-1155.82,6974.2
193,-890.58,-1203.44,6974.2
193.5,-892.746,-1251.21,6974.2
194,-894.906,-1299.14,6974.2
194.5,-897.051,-1347.23,6974.2
195,-899.172,-1395.48,6974.2
195.5,-901.257,-1443.9,6974.2
196,-903.296,-1492.5,6974.2
196.5,-905.28,-1541.26,6974.2
197,-907.196,-1590.2,6974.2
197.5,-909.034,-1639.33,6974.2
198,-910.783,-1688.63,6974.2
198.5,-912.429,-1738.11,6974.2
199,-913.963,-1787.78,6974.2
199.5,-915.37,-1837.63,6974.2
200,-916.639,-1887.68,6974.2
200.5,-917.757,-1937.9,6974.2
201,-918.711,-1988.32,6974.2
201.5,-919.487,-2038.92,6974.2
202,-920.073,-2089.71,6974.2
202.5,-920.454,-2140.69,6974.2
203,-920.617,-2191.85,6974.2
203.5,-920.547,-2243.2,6974.2
204,-920.231,-2294.73,6974.2
204.5,-919.654,-2346.44,6974.2
205,-918.801,-2398.33,6974.2
205.5,-917.657,-2450.39,6974.2
206,-916.209,-2502.63,6974.2
206.5,-914.44,-2555.04,6974.2
207,-912.336,-2607.61,6974.2
207.5,-909.88,-2660.34,6974.2
208,-907.059,-2713.24,6974.2
208.5,-903.855,-2766.28,6974.2
209,-900.255,-2819.47,6974.2
209.5,-896.241,-2872.8,6974.2
210,-891.798,-2926.27,6974.2
210.5,-886.91,-2979.86,6974.2
211,-881.562,-3033.58,6974.2
211.5,-875.737,-3087.4,6974.2
212,-869.42,-3141.34,6974.2
212.5,-862.594,-3195.37,6974.2
213,-855.244,-3249.49,6974.2
213.5,-847.353,-3303.7,6974.2
214,-838.906,-3357.97,6974.2
214.5,-829.887,-3412.3,6974.2
215,-820.28,-3466.68,6974.2
215.5,-810.068,-3521.1,6974.2
216,-799.237,-3575.55,6974.2
216.5,-787.771,-3630.02,6974.2
217,-775.654,-3684.49,6974.2
217.5,-762.871,-3738.95,6974.2
218,-749.406,-3793.39,6974.2
218.5,-735.244,-3847.79,6974.2
219,-720.371,-3902.15,6974.2
219.5,-704.771,-3956.44,6974.2
220,-688.43,-4010.65,6974.2
220.5,-671.334,-4064.77,6974.2
221,-653.468,-4118.78,6974.2
221.5,-634.818,-4172.67,6974.2
222,-615.371,-4226.41,6974.2
222.5,-595.113,-4279.99,6974.2
223,-574.031,-4333.4,6974.2
223.5,-552.112,-4386.62,6974.2
224,-529.343,-4439.62,6974.2
224.5,-505.713,-4492.39,6974.2
225,-481.209,-4544.91,6974.2
225.5,-455.819,-4597.16,6974.2
226,-429.533,-4649.12,6974.2
226.5,-402.34,-4700.77,6974.2
227,-374.229,-4752.09,6974.2
227.5,-345.191,-4803.06,6974.2
228,-315.215,-4853.66,6974.2
228.5,-284.293,-4903.86,6974.2
229,-252.416,-4953.65,6974.2
229.5,-219.577,-5003,6974.2
230,-185.766,-5051.89,6974.2
230.5,-150.978,-5100.29,6974.2
231,-115.205,-5148.18,6974.2
231.5,-78.4419,-5195.54,6974.2
232,-40.6827,-5242.35,6974.2
232.5,-1.92268,-5288.58,6974.2
233,37.8426,-5334.2,6974.2
233.5,78.6169,-5379.2,6974.2
234,120.403,-5423.54,6974.2
234.5,163.204,-5467.2,6974.2
235,207.022,-5510.16,6974.2
235.5,251.857,-5552.39,6974.2
236,297.71,-5593.86,6974.2
236.5,344.581,-5634.55,6974.2
237,392.47,-5674.44,6974.2
237.5,441.374,-5713.49,6974.2
238,491.291,-5751.68,6974.2
238.5,542.218,-5788.98,6974.2
239,594.152,-5825.37,6974.2
239.5,647.089,-5860.82,6974.2
240,701.021,-5895.31,6974.2
240.5,755.945,-5928.8,6974.2
241,811.852,-5961.28,6974.2
241.5,868.736,-5992.71,6974.2
242,926.588,-6023.07,6974.2
242.5,985.398,-6052.33,6974.2
243,1045.16,-6080.47,6974.2
243.5,1105.85,-6107.45,6974.2
244,1167.48,-6133.26,6974.2
244.5,1230.01,-6157.87,6974.2
245,1293.45,-6181.25,6974.2
245.5,1357.77,-6203.38,6974.2
246,1422.97,-6224.23,6974.2
246.5,1489.01,-6243.77,6974.2
247,1555.9,-6261.99,6974.2
247.5,1623.61,-6278.86,6974.2
248,1692.12,-6294.34,6974.2
248.5,1761.42,-6308.43,6974.2
249,1831.47,-6321.1,6974.2
249.5,1902.27,-6332.32,6974.2
250,1973.79,-6342.07,6974.2
250.5,2046.01,-6350.33,6974.2
251,2118.9,-6357.07,6974.2
251.5,2192.45,-6362.29,6974.2
252,2266.62,-6365.95,6974.2
252.5,2341.38,-6368.04,6974.2
253,2416.72,-6368.53,6974.2
253.5,2492.61,-6367.41,6974.2
254,2569.01,-6364.67,6974.2
254.5,2645.9,-6360.27,6974.2
255,2723.25,-6354.22,6974.2
255.5,2801.02,-6346.48,6974.2
256,2879.19,-6337.05,6974.2
256.5,2957.73,-6325.91,6974.2
257,3036.59,-6313.05,6974.2
257.5,3115.76,-6298.45,6974.2
258,3195.18,-6282.1,6974.2
258.5,3274.84,-6264,6974.2
259,3354.69,-6244.13,6974.2
259.5,3434.69,-6222.48,6974.2
260,3514.82,-6199.04,6974.2
260.5,3595.03,-6173.81,6974.2
261,3675.28,-6146.79,6974.2
261.5,3755.55,-6117.95,6974.2
262,3835.78,-6087.31,6974.2
262.5,3915.94,-6054.86,6974.2
263,3995.99,-6020.59,6974.2
263.5,4075.89,-5984.51,6974.2
264,4155.6,-5946.61,6974.2
264.5,4235.07,-5906.9,6974.2
265,4314.27,-5865.37,6974.2
265.5,4393.16,-5822.04,6974.2
266,4471.69,-5776.91,6974.2
266.5,4549.82,-5729.99,6974.2
267,4627.51,-5681.27,6974.2
267.5,4704.71,-5630.77,6974.2
268,4781.39,-5578.51,6974.2
268.5,4857.5,-5524.48,6974.2
269,4933,-5468.71,6974.2
269.5,5007.84,-5411.21,6974.2
270,5081.99,-5351.99,6974.2
270.5,5155.39,-5291.07,6974.2
271,5228.02,-5228.47,6974.2
271.5,5299.81,-5164.2,6974.2
272,5370.74,-5098.29,6974.2
272.5,5440.76,-5030.76,6974.2
273,5509.82,-4961.63,6974.2
273.5,5577.9,-4890.94,6974.2
274,5644.93,-4818.69,6974.2
274.5,5710.9,-4744.93,6974.2
275,5775.74,-4669.68,6974.2
275.5,5839.43,-4592.97,6974.2
276,5901.93,-4514.83,6974.2
276.5,5963.19,-4435.29,6974.2
277,6023.17,-4354.4,6974.2
277.5,6081.85,-4272.19,6974.2
278,6139.18,-4188.69,6974.2
278.5,6195.13,-4103.94,6974.2
279,6249.66,-4017.99,6974.2
279.5,6302.74,-3930.87,6974.2
280,6354.33,-3842.63,6974.2
280.5,6404.4,-3753.31,6974.2
281,6452.92,-3662.95,6974.2
281.5,6499.86,-3571.62,6974.2
282,6545.2,-3479.34,6974.2
282.5,6588.89,-3386.18,6974.2
283,6630.92,-3292.18,6974.2
283.5,6671.26,-3197.4,6974.2
284,6709.88,-3101.89,6974.2
284.5,6746.77,-3005.7,6974.2
285,6781.89,-2908.89,6974.2
285.5,6815.24,-2811.51,6974.2
286,6846.78,-2713.63,6974.2
286.5,6876.51,-2615.3,6974.2
287,6904.42,-2516.59,6974.2
287.5,6930.47,-2417.55,6974.2
288,6954.67,-2318.25,6974.2
288.5,6977,-2218.76,6974.2
289,6997.46,-2119.12,6974.2
289.5,7016.03,-2019.42,6974.2
290,7032.72,-1919.72,6974.2
290.5,7047.52,-1820.08,6974.2
291,7060.42,-1720.57,6974.2
291.5,7071.44,-1621.26,6974.2
292,7080.58,-1522.23,6974.2
292.5,7087.83,-1423.54,6974.2
293,7093.21,-1325.25,6974.2
293.5,7096.73,-1227.45,6974.2
294,7098.4,-1130.21,6974.2
294.5,7098.24,-1033.6,6974.2
295,7096.25,-937.685,6974.2
295.5,7092.47,-842.547,6974.2
296,7086.92,-748.258,6974.2
296.5,7079.61,-654.892,6974.2
297,7070.58,-562.524,6974.2
297.5,7059.86,-471.228,6974.2
298,7047.47,-381.08,6974.2
298.5,7033.46,-292.154,6974.2
299,7017.86,-204.526,6974.2
299.5,7000.71,-118.27,6974.2
300,6982.06,-33.4618,6974.2
300.5,6961.96,49.8239,6974.2
301,6940.44,131.513,6974.2
301.5,6917.57,211.53,6974.2
302,6893.4,289.802,6974.2
302.5,6867.99,366.254,6974.2
303,6841.4,440.815,6974.2
303.5,6813.69,513.41,6974.2
304,6784.94,583.969,6974.2
304.5,6755.2,652.42,6974.2
305,6724.57,718.692,6974.2
305.5,6693.12,782.716,6974.2
306,6660.91,844.423,6974.2
306.5,6628.05,903.746,6974.2
307,6594.62,960.618,6974.2
307.5,6560.71,1014.97,6974.2
308,6526.41,1066.75,6974.2
308.5,6491.82,1115.88,6974.2
309,6457.04,1162.31,6974.2
309.5,6422.18,1205.97,6974.2
310,6387.34,1246.81,6974.2
310.5,6352.64,1284.78,6974.2
311,6318.19,1319.81,6974.2
311.5,6284.12,1351.86,6974.2
312,6250.53,1380.87,6974.2
312.5,6217.56,1406.8,6974.2
313,6185.35,1429.6,6974.2
313.5,6154.01,1449.23,6974.2
314,6123.69,1465.65,6974.2
314.5,6094.53,1478.82,6974.2
315,6066.67,1488.7,6974.2
315.5,6040.26,1495.27,6974.2
316,6015.45,1498.49,6974.2
316.5,5992.4,1498.35,6974.2
317,5971.25,1494.8,6974.2
317.5,5952.18,1487.85,6974.2
318,5935.35,1477.48,6974.2
318.5,5920.92,1463.66,6974.2
319,5909.06,1446.41,6974.2
319.5,5899.96,1425.7,6974.2
320,5893.78,1401.56,6974.2
320.5,5890.7,1373.98,6974.2
321,5890.91,1342.97,6974.2
321.5,5894.59,1308.56,6974.2
322,5901.93,1270.76,6974.2
322.5,5913.12,1229.61,6974.2
323,5928.35,1185.13,6974.2
323.5,5947.81,1137.37,6974.2
324,5971.69,1086.37,6974.2
324.5,6000.2,1032.18,6974.2
325,6033.52,974.871,6974.2
325.5,6071.85,914.495,6974.2
326,6115.39,851.131,6974.2
326.5,6164.34,784.859,6974.2
327,6218.88,715.766,6974.2
327.5,6279.22,643.95,6974.2
328,6345.55,569.513,6974.2
328.5,6418.04,492.57,6974.2
329,6496.9,413.241,6974.2
329.5,6582.3,331.656,6974.2
330,6674.41,247.956,6974.2
330.5,6773.41,162.29,6974.2
331,6879.47,74.815,6974.2
331.5,6992.74,-14.2995,6974.2
332,7113.36,-104.875,6974.2
332.5,7241.48,-196.724,6974.2
333,7377.23,-289.647,6974.2
333.5,7520.72,-383.436,6974.2
334,7672.05,-477.87,6974.2
334.5,7831.32,-572.721,6974.2
335,7998.59,-667.747,6974.2
335.5,8173.92,-762.7,6974.2
336,8357.34,-857.318,6974.2
336.5,8548.87,-951.332,6974.2
337,8748.5,-1044.46,6974.2
337.5,8956.2,-1136.42,6974.2
338,9171.9,-1226.9,6974.2
338.5,9395.52,-1315.61,6974.2
339,9626.95,-1402.23,6974.2
339.5,9866.03,-1486.44,6974.2
340,10112.6,-1567.91,6974.2
340.5,10366.4,-1646.32,6974.2
341,10627.2,-1721.33,6974.2
341.5,10894.8,-1792.61,6974.2
342,11168.7,-1859.81,6974.2
342.5,11448.6,-1922.61,6974.2
343,11734.1,-1980.66,6974.2
343.5,12024.8,-2033.63,6974.2
344,12320,-2081.22,6974.2
344.5,12619.4,-2123.09,6974.2
345,12922.2,-2158.94,6974.2
345.5,13227.9,-2188.48,6974.2
346,13535.7,-2211.44,6974.2
346.5,13845,-2227.55,6974.2
347,14154.9,-2236.58,6974.2
347.5,14464.7,-2238.32,6974.2
348,14773.4,-2232.56,6974.2
348.5,15080.3,-2219.15,6974.2
349,15384.3,-2197.97,6974.2
349.5,15684.5,-2168.91,6974.2
350,15979.9,-2131.9,6974.2
350.5,16269.6,-2086.94,6974.2
351,16552.6,-2034.03,6974.2
351.5,16827.7,-1973.23,6974.2
352,17094,-1904.65,6974.2
352.5,17350.4,-1828.42,6974.2
353,17596,-1744.75,6974.2
353.5,17829.7,-1653.86,6974.2
354,18050.6,-1556.04,6974.2
354.5,18257.7,-1451.61,6974.2
355,18450.1,-1340.95,6974.2
355.5,18626.9,-1224.47,6974.2
356,18787.5,-1102.62,6974.2
356.5,18931,-975.889,6974.2
357,19056.8,-844.809,6974.2
357.5,19164.2,-709.938,6974.2
358,19252.9,-571.862,6974.2
358.5,19322.2,-431.192,6974.2
359,19372,-288.56,6974.2
359.5,19402,-144.61,6974.2
360,45798.9,0,6974.2
360.5,45797.4,451.747,6974.2
361,45792.8,903.503,6974.2
361.5,45785.2,1355.28,6974.2
362,45774.6,1807.07,6974.2
362.5,45760.9,2258.91,6974.2
363,45744.1,2710.78,6974.2
363.5,45724.3,3162.71,6974.2
364,45701.5,3614.69,6974.2
364.5,45675.5,4066.74,6974.2
365,45646.5,4518.85,6974.2
365.5,45614.4,4971.05,6974.2
366,45579.1,5423.34,6974.2
366.5,45540.8,5875.71,6974.2
367,45499.3,6328.18,6974.2
367.5,45454.7,6780.75,6974.2
368,45406.9,7233.43,6974.2
368.5,45355.9,7686.22,6974.2
369,45301.8,8139.11,6974.2
369.5,45244.4,8592.13,6974.2
370,45183.8,9045.25,6974.2
370.5,45120,9498.5,6974.2
371,45052.9,9951.86,6974.2
371.5,44982.5,10405.3,6974.2
372,44908.7,10858.9,6974.2
372.5,44831.7,11312.6,6974.2
373,44751.2,11766.4,6974.2
373.5,44667.4,12220.4,6974.2
374,44580.2,12674.4,6974.2
374.5,44489.5,13128.5,6974.2
375,44395.4,13582.7,6974.2
375.5,44297.8,14036.9,6974.2
376,44196.7,14491.3,6974.2
376.5,44092,14945.7,6974.2
377,43983.7,15400.1,6974.2
377.5,43871.8,15854.6,6974.2
378,43453.2,16174.6,6974.2
378.5,42494.6,16241.1,6974.2
379,41546.7,16290.8,6974.2
379.5,40610.3,16324.4,6974.2
380,39686.5,16342.8,6974.2
380.5,38776.1,16346.6,6974.2
381,37879.9,16336.6,6974.2
381.5,36998.6,16313.6,6974.2
382,36132.7,16278.3,6974.2
382.5,35282.9,16231.4,6974.2
383,34449.5,16173.7,6974.2
383.5,33633,16105.8,6974.2
384,32833.5,16028.5,6974.2
384.5,32051.5,15942.5,6974.2
385,31287.1,15848.4,6974.2
385.5,30540.3,15746.8,6974.2
386,29811.4,15638.3,6974.2
386.5,29100.3,15523.7,6974.2
387,28407,15403.3,6974.2
387.5,27731.6,15277.9,6974.2
388,27073.8,15147.9,6974.2
388.5,26433.6,15013.9,6974.2
389,25810.9,14876.3,6974.2
389.5,25205.5,14735.7,6974.2
390,24617.1,14592.4,6974.2
390.5,24045.6,14446.9,6974.2
391,23490.7,14299.7,6974.2
391.5,22952.1,14151.1,6974.2
392,22429.6,14001.4,6974.2
392.5,21922.9,13851.1,6974.2
393,21431.7,13700.4,6974.2
393.5,20955.7,13549.8,6974.2
394,20494.5,13399.4,6974.2
394.5,20047.8,13249.6,6974.2
395,19615.4,13100.5,6974.2
395.5,19196.8,12952.6,6974.2
396,18791.6,12806,6974.2
396.5,18399.7,12660.8,6974.2
397,18020.6,12517.4,6974.2
397.5,17653.9,12375.9,6974.2
398,17299.3,12236.5,6974.2
398.5,16956.6,12099.3,6974.2
399,16625.2,11964.5,6974.2
399.5,16305,11832.2,6974.2
400,15995.5,11702.6,6974.2
400.5,15696.4,11575.8,6974.2
401,15407.3,11451.7,6974.2
401.5,15128,11330.7,6974.2
402,14858.2,11212.7,6974.2
402.5,14597.4,11097.8,6974.2
403,14345.4,10986.1,6974.2
403.5,14101.9,10877.6,6974.2
404,13866.5,10772.5,6974.2
404.5,13639,10670.6,6974.2
405,13419.1,10572.1,6974.2
405.5,13206.4,10477,6974.2
406,13000.8,10385.3,6974.2
406.5,12801.8,10297,6974.2
407,12609.3,10212.2,6974.2
407.5,12423,10130.8,6974.2
408,12242.6,10052.8,6974.2
408.5,12067.8,9978.27,6974.2
409,11898.5,9907.12,6974.2
409.5,11734.4,9839.37,6974.2
410,11575.2,9774.98,6974.2
410.5,11420.7,9713.93,6974.2
411,11270.7,9656.2,6974.2
411.5,11124.9,9601.74,6974.2
412,10983.3,9550.52,6974.2
412.5,10845.5,9502.5,6974.2
413,10711.3,9457.64,6974.2
413.5,10580.6,9415.88,6974.2
414,10453.2,9377.18,6974.2
414.5,10328.9,9341.49,6974.2
415,10207.5,9308.75,6974.2
415.5,10088.8,9278.9,6974.2
416,9972.79,9251.89,6974.2
416.5,9859.15,9227.66,6974.2
417,9747.78,9206.13,6974.2
417.5,9638.53,9187.25,6974.2
418,9531.26,9170.96,6974.2
418.5,9425.83,9157.18,6974.2
419,9322.11,9145.84,6974.2
419.5,9219.96,9136.88,6974.2
420,9119.27,9130.22,6974.2
420.5,9019.9,9125.8,6974.2
421,8921.76,9123.53,6974.2
421.5,8824.73,9123.36,6974.2
422,8728.71,9125.2,6974.2
422.5,8633.59,9128.97,6974.2
423,8539.28,9134.61,6974.2
423.5,8445.69,9142.04,6974.2
424,8352.72,9151.18,6974.2
424.5,8260.3,9161.96,6974.2
425,8168.35,9174.31,6974.2
425.5,8076.79,9188.13,6974.2
426,7985.55,9203.37,6974.2
426.5,7894.56,9219.95,6974.2
427,7803.76,9237.78,6974.2
427.5,7713.08,9256.8,6974.2
428,7622.47,9276.93,6974.2
428.5,7531.88,9298.09,6974.2
429,7441.26,9320.22,6974.2
429.5,7350.56,9343.23,6974.2
430,7259.73,9367.07,6974.2
430.5,7168.74,9391.64,6974.2
431,7077.55,9416.89,6974.2
431.5,6986.12,9442.74,6974.2
432,6894.42,9469.13,6974.2
432.5,6802.43,9495.97,6974.2
433,6710.12,9523.21,6974.2
433.5,6617.46,9550.79,6974.2
434,6524.44,9578.62,6974.2
434.5,6431.03,9606.65,6974.2
435,6337.23,9634.81,6974.2
435.5,6243.01,9663.04,6974.2
436,6148.38,9691.28,6974.2
436.5,6053.31,9719.46,6974.2
437,5957.8,9747.54,6974.2
437.5,5861.86,9775.44,6974.2
438,5765.47,9803.11,6974.2
438.5,5668.64,9830.5,6974.2
439,5571.36,9857.55,6974.2
439.5,5473.65,9884.2,6974.2
440,5375.5,9910.41,6974.2
440.5,5276.92,9936.13,6974.2
441,5177.93,9961.3,6974.2
441.5,5078.53,9985.87,6974.2
442,4978.73,10009.8,6974.2
442.5,4878.55,10033.1,6974.2
443,4778,10055.6,6974.2
443.5,4677.09,10077.3,6974.2
444,4575.85,10098.3,6974.2
444.5,4474.29,10118.3,6974.2
445,4372.43,10137.5,6974.2
445.5,4270.28,10155.8,6974.2
446,4167.88,10173.1,6974.2
446.5,4065.24,10189.4,6974.2
447,3962.39,10204.7,6974.2
447.5,3859.34,10218.9,6974.2
448,3756.13,10232,6974.2
448.5,3652.78,10244,6974.2
449,3549.31,10254.9,6974.2
449.5,3445.75,10264.6,6974.2
450,3342.13,10273,6974.2
450.5,3238.48,10280.3,6974.2
451,3134.81,10286.3,6974.2
451.5,3031.17,10291.1,6974.2
452,2927.58,10294.6,6974.2
452.5,2824.06,10296.8,6974.2
453,2720.65,10297.7,6974.2
453.5,2617.38,10297.3,6974.2
454,2514.27,10295.5,6974.2
454.5,2411.36,10292.4,6974.2
455,2308.68,10287.9,6974.2
455.5,2206.24,10282,6974.2
456,2104.09,10274.8,6974.2
456.5,2002.26,10266.2,6974.2
457,1900.77,10256.2,6974.2
457.5,1799.65,10244.8,6974.2
458,1698.93,10232,6974.2
458.5,1598.64,10217.8,6974.2
459,1498.81,10202.2,6974.2
459.5,1399.46,10185.2,6974.2
460,1300.64,10166.7,6974.2
460.5,1202.35,10146.9,6974.2
461,1104.64,10125.7,6974.2
461.5,1007.52,10103.2,6974.2
462,911.034,10079.2,6974.2
462.5,815.195,10053.8,6974.2
463,720.033,10027.1,6974.2
463.5,625.574,9999.03,6974.2
464,531.841,9969.59,6974.2
464.5,438.861,9938.8,6974.2
465,346.655,9906.69,6974.2
465.5,255.249,9873.24,6974.2
466,164.663,9838.49,6974.2
466.5,74.9214,9802.45,6974.2
467,-13.9557,9765.11,6974.2
467.5,-101.947,9726.51,6974.2
468,-189.033,9686.66,6974.2
468.5,-275.193,9645.57,6974.2
469,-360.409,9603.26,6974.2
469.5,-444.662,9559.74,6974.2
470,-527.936,9515.04,6974.2
470.5,-610.212,9469.16,6974.2
471,-691.476,9422.14,6974.2
471.5,-771.712,9373.98,6974.2
472,-850.904,9324.72,6974.2
472.5,-929.04,9274.36,6974.2
473,-1006.11,9222.93,6974.2
473.5,-1082.09,9170.45,6974.2
474,-1156.98,9116.94,6974.2
474.5,-1230.76,9062.42,6974.2
475,-1303.43,9006.92,6974.2
475.5,-1374.97,8950.46,6974.2
476,-1445.38,8893.05,6974.2
476.5,-1514.64,8834.72,6974.2
477,-1582.76,8775.49,6974.2
477.5,-1649.72,8715.4,6974.2
478,-1715.52,8654.45,6974.2
478.5,-1780.15,8592.67,6974.2
479,-1843.61,8530.09,6974.2
479.5,-1905.89,8466.73,6974.2
480,-1967,8402.62,6974.2
480.5,-2026.92,8337.77,6974.2
481,-2085.67,8272.21,6974.2
481.5,-2143.23,8205.96,6974.2
482,-2199.6,8139.05,6974.2
482.5,-2254.8,8071.5,6974.2
483,-2308.81,8003.34,6974.2
483.5,-2361.64,7934.58,6974.2
484,-2413.29,7865.26,6974.2
484.5,-2463.77,7795.39,6974.2
485,-2513.08,7725,6974.2
485.5,-2561.22,7654.11,6974.2
486,-2608.2,7582.74,6974.2
486.5,-2654.03,7510.92,6974.2
487,-2698.7,7438.66,6974.2
487.5,-2742.23,7366,6974.2
488,-2784.62,7292.95,6974.2
488.5,-2825.89,7219.53,6974.2
489,-2866.03,7145.77,6974.2
489.5,-2905.06,7071.69,6974.2
490,-2942.99,6997.31,6974.2
490.5,-2979.82,6922.64,6974.2
491,-3015.57,6847.72,6974.2
491.5,-3050.25,6772.55,6974.2
492,-3083.87,6697.17,6974.2
492.5,-3116.44,6621.58,6974.2
493,-3147.97,6545.82,6974.2
493.5,-3178.47,6469.89,6974.2
494,-3207.96,6393.81,6974.2
494.5,-3236.45,6317.61,6974.2
495,-3263.96,6241.3,6974.2
495.5,-3290.49,6164.91,6974.2
496,-3316.06,6088.43,6974.2
496.5,-3340.69,6011.9,6974.2
497,-3364.39,5935.33,6974.2
497.5,-3387.18,5858.74,6974.2
498,-3409.06,5782.13,6974.2
498.5,-3430.06,5705.53,6974.2
499,-3450.19,5628.95,6974.2
499.5,-3469.47,5552.41,6974.2
500,-3487.91,5475.91,6974.2
500.5,-3505.54,5399.48,6974.2
501,-3522.36,5323.12,6974.2
501.5,-3538.39,5246.84,6974.2
502,-3553.65,5170.67,6974.2
502.5,-3568.16,5094.61,6974.2
503,-3581.93,5018.67,6974.2
503.5,-3594.98,4942.86,6974.2
504,-3607.33,4867.19,6974.2
504.5,-3619,4791.68,6974.2
505,-3629.99,4716.33,6974.2
505.5,-3640.34,4641.16,6974.2
506,-3650.06,4566.16,6974.2
506.5,-3659.16,4491.35,6974.2
507,-3667.66,4416.74,6974.2
507.5,-3675.58,4342.34,6974.2
508,-3682.94,4268.14,6974.2
508.5,-3689.76,4194.17,6974.2
509,-3696.04,4120.41,6974.2
509.5,-3701.82,4046.89,6974.2
510,-3707.1,3973.6,6974.2
510.5,-3711.91,3900.55,6974.2
511,-3716.26,3827.75,6974.2
511.5,-3720.17,3755.19,6974.2
512,-3723.65,3682.89,6974.2
512.5,-3726.72,3610.84,6974.2
513,-3729.41,3539.05,6974.2
513.5,-3731.72,3467.52,6974.2
514,-3733.67,3396.25,6974.2
514.5,-3735.28,3325.25,6974.2
515,-3736.56,3254.52,6974.2
515.5,-3737.54,3184.05,6974.2
516,-3738.22,3113.85,6974.2
516.5,-3738.62,3043.92,6974.2
517,-3738.76,2974.26,6974.2
517.5,-3738.66,2904.86,6974.2
518,-3738.32,2835.73,6974.2
518.5,-3737.76,2766.87,6974.2
519,-3737,2698.28,6974.2
519.5,-3736.05,2629.95,6974.2
520,-3734.92,2561.88,6974.2
520.5,-3733.64,2494.06,6974.2
521,-3732.2,2426.51,6974.2
521.5,-3730.64,2359.21,6974.2
522,-3728.95,2292.16,6974.2
522.5,-3727.15,2225.36,6974.2
523,-3725.26,2158.8,6974.2
523.5,-3723.28,2092.48,6974.2
524,-3721.23,2026.39,6974.2
524.5,-3719.12,1960.54,6974.2
525,-3716.96,1894.91,6974.2
525.5,-3714.77,1829.5,6974.2
526,-3712.54,1764.31,6974.2
526.5,-3710.3,1699.33,6974.2
527,-3708.05,1634.56,6974.2
527.5,-3705.8,1569.99,6974.2
528,-3703.57,1505.6,6974.2
528.5,-3701.36,1441.41,6974.2
529,-3699.17,1377.39,6974.2
529.5,-3697.03,1313.55,6974.2
530,-3694.93,1249.88,6974.2
530.5,-3692.88,1186.37,6974.2
531,-3690.89,1123.01,6974.2
531.5,-3688.97,1059.8,6974.2
532,-3687.13,996.724,6974.2
532.5,-3685.37,933.781,6974.2
533,-3683.69,870.962,6974.2
533.5,-3682.1,808.259,6974.2
534,-3680.61,745.665,6974.2
534.5,-3679.23,683.17,6974.2
535,-3677.95,620.768,6974.2
535.5,-3676.77,558.45,6974.2
536,-3675.72,496.207,6974.2
536.5,-3674.78,434.033,6974.2
537,-3673.95,371.917,6974.2
537.5,-3673.26,309.853,6974.2
538,-3672.68,247.831,6974.2
538.5,-3672.23,185.844,6974.2
539,-3671.91,123.882,6974.2
539.5,-3671.72,61.9365,6974.2
540,-1045.68,9.82153e-13,6974.2
540.5,-1045.73,-46.6589,6974.2
541,-1045.87,-93.324,6974.2
541.5,-1046.09,-140.002,6974.2
542,-1046.41,-186.699,6974.2
542.5,-1046.82,-233.421,6974.2
543,-1047.31,-280.174,6974.2
543.5,-1047.89,-326.966,6974.2
544,-1048.55,-373.801,6974.2
544.5,-1049.29,-420.686,6974.2
545,-1050.1,-467.627,6974.2
545.5,-1050.99,-514.63,6974.2
546,-1051.95,-561.701,6974.2
546.5,-1052.98,-608.846,6974.2
547,-1054.06,-656.069,6974.2
547.5,-1055.2,-703.378,6974.2
548,-1056.4,-750.777,6974.2
548.5,-1057.63,-798.272,6974.2
549,-1058.91,-845.868,6974.2
549.5,-1060.22,-893.57,6974.2
550,-1061.55,-941.383,6974.2
550.5,-1062.9,-989.312,6974.2
551,-1064.27,-1037.36,6974.2
551.5,-1065.64,-1085.53,6974.2
552,-1067,-1133.84,6974.2
552.5,-1068.36,-1182.27,6974.2
553,-1069.69,-1230.85,6974.2
553.5,-1070.99,-1279.56,6974.2
554,-1072.26,-1328.42,6974.2
554.5,-1073.47,-1377.42,6974.2
555,-1074.63,-1426.58,6974.2
555.5,-1075.72,-1475.89,6974.2
556,-1076.73,-1525.36,6974.2
556.5,-1077.65,-1574.98,6974.2
557,-1078.47,-1624.76,6974.2
557.5,-1079.18,-1674.71,6974.2
558,-1079.77,-1724.82,6974.2
558.5,-1080.22,-1775.09,6974.2
559,-1080.52,-1825.53,6974.2
559.5,-1080.66,-1876.13,6974.2
560,-1080.63,-1926.91,6974.2
560.5,-1080.42,-1977.85,6974.2
561,-1080.01,-2028.95,6974.2
561.5,-1079.39,-2080.22,6974.2
562,-1078.54,-2131.66,6974.2
562.5,-1077.45,-2183.26,6974.2
563,-1076.11,-2235.02,6974.2
563.5,-1074.51,-2286.94,6974.2
564,-1072.62,-2339.02,6974.2
564.5,-1070.44,-2391.26,6974.2
565,-1067.95,-2443.64,6974.2
565.5,-1065.13,-2496.18,6974.2
566,-1061.97,-2548.86,6974.2
566.5,-1058.46,-2601.68,6974.2
567,-1054.58,-2654.64,6974.2
567.5,-1050.31,-2707.73,6974.2
568,-1045.65,-2760.95,6974.2
568.5,-1040.56,-2814.28,6974.2
569,-1035.05,-2867.73,6974.2
569.5,-1029.08,-2921.29,6974.2
570,-1022.66,-2974.95,6974.2
570.5,-1015.75,-3028.7,6974.2
571,-1008.35,-3082.53,6974.2
571.5,-1000.43,-3136.45,6974.2
572,-991.991,-3190.43,6974.2
572.5,-983.007,-3244.47,6974.2
573,-973.463,-3298.56,6974.2
573.5,-963.345,-3352.69,6974.2
574,-952.635,-3406.85,6974.2
574.5,-941.319,-3461.02,6974.2
575,-929.38,-3515.21,6974.2
575.5,-916.802,-3569.38,6974.2
576,-903.57,-3623.54,6974.2
576.5,-889.669,-3677.67,6974.2
577,-875.082,-3731.76,6974.2
577.5,-859.795,-3785.79,6974.2
578,-843.792,-3839.75,6974.2
578.5,-827.059,-3893.62,6974.2
579,-809.58,-3947.39,6974.2
579.5,-791.34,-4001.04,6974.2
580,-772.326,-4054.56,6974.2
580.5,-752.522,-4107.94,6974.2
581,-731.916,-4161.14,6974.2
581.5,-710.493,-4214.17,6974.2
582,-688.239,-4266.99,6974.2
582.5,-665.141,-4319.59,6974.2
583,-641.187,-4371.96,6974.2
583.5,-616.364,-4424.06,6974.2
584,-590.658,-4475.89,6974.2
584.5,-564.06,-4527.43,6974.2
585,-536.555,-4578.65,6974.2
585.5,-508.135,-4629.53,6974.2
586,-478.786,-4680.05,6974.2
586.5,-448.5,-4730.19,6974.2
587,-417.266,-4779.92,6974.2
587.5,-385.075,-4829.23,6974.2
588,-351.916,-4878.1,6974.2
588.5,-317.783,-4926.49,6974.2
589,-282.665,-4974.38,6974.2
589.5,-246.557,-5021.76,6974.2
590,-209.45,-5068.6,6974.2
590.5,-171.338,-5114.86,6974.2
591,-132.215,-5160.53,6974.2
591.5,-92.0749,-5205.59,6974.2
592,-50.9136,-5250,6974.2
592.5,-8.72635,-5293.74,6974.2
593,34.4905,-5336.78,6974.2
593.5,78.74,-5379.1,6974.2
594,124.025,-5420.67,6974.2
594.5,170.346,-5461.47,6974.2
595,217.706,-5501.46,6974.2
595.5,266.103,-5540.62,6974.2
596,315.539,-5578.92,6974.2
596.5,366.012,-5616.34,6974.2
597,417.521,-5652.84,6974.2
597.5,470.062,-5688.4,6974.2
598,523.633,-5722.98,6974.2
598.5,578.229,-5756.57,6974.2
599,633.847,-5789.13,6974.2
599.5,690.479,-5820.63,6974.2
600,748.12,-5851.05,6974.2
600.5,806.763,-5880.35,6974.2
601,866.4,-5908.51,6974.2
601.5,927.022,-5935.5,6974.2
602,988.618,-5961.29,6974.2
602.5,1051.18,-5985.85,6974.2
603,1114.69,-6009.15,6974.2
603.5,1179.15,-6031.17,6974.2
604,1244.53,-6051.87,6974.2
604.5,1310.83,-6071.24,6974.2
605,1378.02,-6089.23,6974.2
605.5,1446.1,-6105.82,6974.2
606,1515.05,-6120.98,6974.2
606.5,1584.84,-6134.7,6974.2
607,1655.46,-6146.93,6974.2
607.5,1726.9,-6157.65,6974.2
608,1799.12,-6166.84,6974.2
608.5,1872.11,-6174.47,6974.2
609,1945.85,-6180.51,6974.2
609.5,2020.32,-6184.94,6974.2
610,2095.48,-6187.73,6974.2
610.5,2171.32,-6188.86,6974.2
611,2247.81,-6188.3,6974.2
611.5,2324.92,-6186.03,6974.2
612,2402.63,-6182.03,6974.2
612.5,2480.9,-6176.27,6974.2
613,2559.71,-6168.73,6974.2
613.5,2639.03,-6159.38,6974.2
614,2718.82,-6148.22,6974.2
614.5,2799.06,-6135.22,6974.2
615,2879.71,-6120.35,6974.2
615.5,2960.73,-6103.6,6974.2
616,3042.1,-6084.95,6974.2
616.5,3123.78,-6064.38,6974.2
617,3205.73,-6041.88,6974.2
617.5,3287.91,-6017.43,6974.2
618,3370.29,-5991.01,6974.2
618.5,3452.83,-5962.61,6974.2
619,3535.49,-5932.22,6974.2
619.5,3618.23,-5899.82,6974.2
620,3701.01,-5865.4,6974.2
620.5,3783.78,-5828.96,6974.2
621,3866.51,-5790.47,6974.2
621.5,3949.16,-5749.94,6974.2
622,4031.67,-5707.35,6974.2
622.5,4114.01,-5662.7,6974.2
623,4196.14,-5615.98,6974.2
623.5,4278,-5567.19,6974.2
624,4359.55,-5516.32,6974.2
624.5,4440.74,-5463.37,6974.2
625,4521.54,-5408.34,6974.2
625.5,4601.88,-5351.23,6974.2
626,4681.73,-5292.04,6974.2
626.5,4761.04,-5230.77,6974.2
627,4839.75,-5167.43,6974.2
627.5,4917.83,-5102.02,6974.2
628,4995.22,-5034.55,6974.2
628.5,5071.86,-4965.01,6974.2
629,5147.72,-4893.43,6974.2
629.5,5222.75,-4819.81,6974.2
630,5296.89,-4744.16,6974.2
630.5,5370.09,-4666.5,6974.2
631,5442.31,-4586.83,6974.2
631.5,5513.49,-4505.17,6974.2
632,5583.58,-4421.55,6974.2
632.5,5652.54,-4335.97,6974.2
633,5720.31,-4248.45,6974.2
633.5,5786.85,-4159.02,6974.2
634,5852.1,-4067.69,6974.2
634.5,5916.02,-3974.5,6974.2
635,5978.55,-3879.46,6974.2
635.5,6039.65,-3782.59,6974.2
636,6099.26,-3683.94,6974.2
636.5,6157.35,-3583.51,6974.2
637,6213.85,-3481.35,6974.2
637.5,6268.73,-3377.49,6974.2
638,6321.93,-3271.95,6974.2
638.5,6373.42,-3164.78,6974.2
639,6423.13,-3056,6974.2
639.5,6471.03,-2945.65,6974.2
640,6517.07,-2833.77,6974.2
640.5,6561.21,-2720.4,6974.2
641,6603.4,-2605.59,6974.2
641.5,6643.6,-2489.36,6974.2
642,6681.76,-2371.76,6974.2
642.5,6717.85,-2252.85,6974.2
643,6751.83,-2132.66,6974.2
643.5,6783.64,-2011.23,6974.2
644,6813.27,-1888.63,6974.2
644.5,6840.66,-1764.89,6974.2
645,6865.77,-1640.07,6974.2
645.5,6888.59,-1514.21,6974.2
646,6909.06,-1387.38,6974.2
646.5,6927.15,-1259.62,6974.2
647,6942.84,-1130.99,6974.2
647.5,6956.09,-1001.54,6974.2
648,6966.86,-871.33,6974.2
648.5,6975.14,-740.421,6974.2
649,6980.88,-608.868,6974.2
649.5,6984.08,-476.73,6974.2
650,6984.69,-344.069,6974.2
650.5,6982.7,-210.946,6974.2
651,6978.08,-77.4219,6974.2
651.5,6970.82,56.4398,6974.2
652,6960.88,190.576,6974.2
652.5,6948.27,324.921,6974.2
653,6932.95,459.412,6974.2
653.5,6914.91,593.982,6974.2
654,6894.14,728.565,6974.2
654.5,6870.63,863.095,6974.2
655,6844.36,997.504,6974.2
655.5,6815.34,1131.72,6974.2
656,6783.54,1265.69,6974.2
656.5,6748.97,1399.33,6974.2
657,6711.62,1532.57,6974.2
657.5,6671.49,1665.35,6974.2
658,6628.58,1797.6,6974.2
658.5,6582.88,1929.25,6974.2
659,6534.42,2060.22,6974.2
659.5,6483.18,2190.45,6974.2
660,6429.17,2319.87,6974.2
660.5,6372.41,2448.41,6974.2
661,6312.9,2575.99,6974.2
661.5,6250.65,2702.56,6974.2
662,6185.69,2828.03,6974.2
662.5,6118.02,2952.34,6974.2
663,6047.66,3075.41,6974.2
663.5,5974.63,3197.19,6974.2
664,5898.95,3317.6,6974.2
664.5,5820.65,3436.58,6974.2
665,5739.74,3554.04,6974.2
665.5,5656.26,3669.94,6974.2
666,5570.24,3784.19,6974.2
666.5,5481.69,3896.74,6974.2
667,5390.66,4007.52,6974.2
667.5,5297.18,4116.46,6974.2
668,5201.28,4223.5,6974.2
668.5,5103,4328.57,6974.2
669,5002.38,4431.62,6974.2
669.5,4899.46,4532.57,6974.2
670,4794.27,4631.37,6974.2
670.5,4686.87,4727.97,6974.2
671,4577.29,4822.29,6974.2
671.5,4465.59,4914.28,6974.2
672,4351.82,5003.89,6974.2
672.5,4236.01,5091.05,6974.2
673,4118.23,5175.72,6974.2
673.5,3998.53,5257.84,6974.2
674,3876.95,5337.35,6974.2
674.5,3753.57,5414.22,6974.2
675,3628.42,5488.38,6974.2
675.5,3501.58,5559.78,6974.2
676,3373.1,5628.39,6974.2
676.5,3243.05,5694.16,6974.2
677,3111.48,5757.04,6974.2
677.5,2978.45,5816.99,6974.2
678,2844.05,5873.97,6974.2
678.5,2708.32,5927.94,6974.2
679,2571.34,5978.87,6974.2
679.5,2433.17,6026.71,6974.2
680,2293.89,6071.43,6974.2
680.5,2153.56,6113,6974.2
681,2012.26,6151.4,6974.2
681.5,1870.06,6186.58,6974.2
682,1727.02,6218.53,6974.2
682.5,1583.23,6247.21,6974.2
683,1438.76,6272.61,6974.2
683.5,1293.69,6294.71,6974.2
684,1148.08,6313.48,6974.2
684.5,1002.02,6328.9,6974.2
685,855.589,6340.96,6974.2
685.5,708.854,6349.65,6974.2
686,561.899,6354.95,6974.2
686.5,414.801,6356.86,6974.2
687,267.64,6355.36,6974.2
687.5,120.494,6350.46,6974.2
688,-26.5558,6342.13,6974.2
688.5,-173.431,6330.4,6974.2
689,-320.052,6315.25,6974.2
689.5,-466.338,6296.68,6974.2
690,-612.21,6274.7,6974.2
690.5,-757.587,6249.32,6974.2
691,-902.39,6220.55,6974.2
691.5,-1046.54,6188.39,6974.2
692,-1189.95,6152.86,6974.2
692.5,-1332.55,6113.97,6974.2
693,-1474.26,6071.74,6974.2
693.5,-1615,6026.18,6974.2
694,-1754.68,5977.32,6974.2
694.5,-1893.24,5925.18,6974.2
695,-2030.59,5869.78,6974.2
695.5,-2166.66,5811.16,6974.2
696,-2301.37,5749.33,6974.2
696.5,-2434.64,5684.33,6974.2
697,-2566.4,5616.18,6974.2
697.5,-2696.58,5544.94,6974.2
698,-2825.09,5470.62,6974.2
698.5,-2951.88,5393.28,6974.2
699,-3076.86,5312.94,6974.2
699.5,-3199.96,5229.65,6974.2
700,-3321.12,5143.46,6974.2
700.5,-3440.26,5054.4,6974.2
701,-3557.32,4962.53,6974.2
701.5,-3672.23,4867.89,6974.2
702,-3784.92,4770.54,6974.2
702.5,-3895.33,4670.53,6974.2
703,-4003.39,4567.91,6974.2
703.5,-4109.05,4462.73,6974.2
704,-4212.24,4355.05,6974.2
704.5,-4312.91,4244.94,6974.2
705,-4410.99,4132.45,6974.2
705.5,-4506.42,4017.64,6974.2
706,-4599.16,3900.58,6974.2
706.5,-4689.15,3781.33,6974.2
707,-4776.34,3659.95,6974.2
707.5,-4860.67,3536.52,6974.2
708,-4942.1,3411.09,6974.2
708.5,-5020.58,3283.75,6974.2
709,-5096.06,3154.56,6974.2
709.5,-5168.5,3023.6,6974.2
710,-5237.86,2890.93,6974.2
710.5,-5304.1,2756.63,6974.2
711,-5367.18,2620.77,6974.2
711.5,-5427.07,2483.44,6974.2
712,-5483.72,2344.71,6974.2
712.5,-5537.1,2204.65,6974.2
713,-5587.19,2063.35,6974.2
713.5,-5633.95,1920.88,6974.2
714,-5677.36,1777.33,6974.2
714.5,-5717.39,1632.77,6974.2
715,-5754.02,1487.29,6974.2
715.5,-5787.22,1340.97,6974.2
716,-5816.98,1193.89,6974.2
716.5,-5843.28,1046.14,6974.2
717,-5866.11,897.791,6974.2
717.5,-5885.45,748.936,6974.2
718,-5901.28,599.658,6974.2
718.5,-5913.61,450.041,6974.2
719,-5922.42,300.169,6974.2
719.5,-5927.71,150.127,6974.2
720,-5929.47,-0,6974.2
