alpha_deg,M_Nm,M_minus_Ms_Nm,A_cum_J
0,-0,-82.7386,0
0.5,-7.53339,-90.272,-0.754901
1,-15.0624,-97.801,-1.57552
1.5,-22.5827,-105.321,-2.46181
2,-30.0898,-112.828,-3.41367
2.5,-37.5795,-120.318,-4.43096
3,-45.0474,-127.786,-5.51352
3.5,-52.4891,-135.228,-6.66113
4,-59.9003,-142.639,-7.87356
4.5,-67.2768,-150.015,-9.1505
5,-74.6142,-157.353,-10.4916
5.5,-81.9083,-164.647,-11.8966
6,-89.1549,-171.893,-13.3651
6.5,-96.3498,-179.088,-14.8965
7,-103.489,-186.227,-16.4905
7.5,-110.568,-193.306,-18.1465
8,-117.583,-200.321,-19.8641
8.5,-124.53,-207.268,-21.6425
9,-131.404,-214.143,-23.4813
9.5,-138.203,-220.941,-25.3797
10,-144.921,-227.66,-27.3371
10.5,-151.556,-234.295,-29.3527
11,-158.103,-240.842,-31.4259
11.5,-164.559,-247.297,-33.5558
12,-170.919,-253.658,-35.7416
12.5,-177.181,-259.92,-37.9825
13,-183.341,-266.079,-40.2777
13.5,-189.395,-272.133,-42.626
14,-195.339,-278.078,-45.0268
14.5,-201.171,-283.91,-47.4789
15,-206.887,-289.626,-49.9814
15.5,-212.484,-295.223,-52.5333
16,-217.959,-300.697,-55.1335
16.5,-223.308,-306.047,-57.7809
17,-228.529,-311.268,-60.4745
17.5,-233.619,-316.358,-63.213
18,-238.575,-321.313,-65.9954
18.5,-243.394,-326.132,-68.8204
19,-248.073,-330.812,-71.6869
19.5,-252.611,-335.349,-74.5935
20,-257.004,-339.742,-77.5392
20.5,-261.25,-343.988,-80.5225
21,-265.347,-348.085,-83.5423
21.5,-269.292,-352.031,-86.5971
22,-273.084,-355.823,-89.6857
22.5,-276.721,-359.459,-92.8067
23,-280.2,-362.938,-95.9587
23.5,-283.52,-366.258,-99.1405
24,-286.679,-369.417,-102.35
24.5,-289.675,-372.414,-105.587
25,-292.507,-375.246,-108.85
25.5,-295.174,-377.913,-112.136
26,-297.674,-380.413,-115.445
26.5,-300.006,-382.745,-118.775
27,-302.169,-384.908,-122.124
27.5,-304.162,-386.9,-125.492
28,-305.984,-388.722,-128.876
28.5,-307.634,-390.372,-132.275
29,-309.111,-391.85,-135.689
29.5,-310.416,-393.154,-139.114
30,-311.547,-394.285,-142.55
30.5,-312.504,-395.243,-145.995
31,-313.287,-396.026,-149.447
31.5,-313.896,-396.634,-152.906
32,-314.33,-397.069,-156.369
32.5,-314.59,-397.329,-159.835
33,-314.676,-397.415,-163.303
33.5,-314.588,-397.327,-166.771
34,-314.327,-397.066,-170.237
34.5,-313.893,-396.631,-173.7
35,-313.286,-396.025,-177.159
35.5,-312.508,-395.246,-180.611
36,-311.558,-394.297,-184.056
36.5,-310.439,-393.177,-187.492
37,-309.15,-391.889,-190.918
37.5,-307.694,-390.432,-194.331
38,-306.07,-388.809,-197.731
38.5,-304.281,-387.02,-201.116
39,-302.328,-385.067,-204.485
39.5,-300.213,-382.951,-207.836
40,-297.936,-380.675,-211.168
40.5,-295.5,-378.238,-214.48
41,-292.906,-375.644,-217.769
41.5,-290.156,-372.894,-221.035
42,-287.252,-369.991,-224.277
42.5,-284.196,-366.935,-227.492
43,-280.99,-363.729,-230.68
43.5,-277.637,-360.376,-233.84
44,-274.138,-356.877,-236.969
44.5,-270.496,-353.235,-240.068
45,-266.714,-349.452,-243.134
45.5,-262.793,-345.531,-246.166
46,-258.736,-341.475,-249.164
46.5,-254.547,-337.285,-252.126
47,-250.227,-332.965,-255.05
47.5,-245.779,-328.518,-257.936
48,-241.207,-323.945,-260.783
48.5,-236.513,-319.251,-263.59
49,-231.699,-314.438,-266.355
49.5,-226.77,-309.509,-269.077
50,-221.728,-304.467,-271.756
50.5,-216.577,-299.315,-274.391
51,-211.318,-294.057,-276.98
51.5,-205.956,-288.695,-279.523
52,-200.495,-283.233,-282.018
52.5,-194.936,-277.674,-284.466
53,-189.283,-272.022,-286.864
53.5,-183.541,-266.28,-289.213
54,-177.712,-260.45,-291.511
54.5,-171.799,-254.538,-293.758
55,-165.807,-248.546,-295.953
55.5,-159.738,-242.477,-298.096
56,-153.597,-236.335,-300.185
56.5,-147.386,-230.125,-302.22
57,-141.11,-223.848,-304.201
57.5,-134.771,-217.51,-306.127
58,-128.374,-211.113,-307.997
58.5,-121.922,-204.661,-309.811
59,-115.419,-198.157,-311.569
59.5,-108.868,-191.607,-313.27
60,-102.273,-185.012,-314.913
60.5,-95.6376,-178.376,-316.498
61,-88.9654,-171.704,-318.026
61.5,-82.2601,-164.999,-319.495
62,-75.5252,-158.264,-320.906
62.5,-68.7644,-151.503,-322.257
63,-61.9812,-144.72,-323.55
63.5,-55.1794,-137.918,-324.783
64,-48.3623,-131.101,-325.957
64.5,-41.5337,-124.272,-327.071
65,-34.6969,-117.436,-328.126
65.5,-27.8556,-110.594,-329.121
66,-21.0132,-103.752,-330.056
66.5,-14.1732,-96.9118,-330.932
67,-7.33897,-90.0775,-331.747
67.5,-0.513942,-83.2525,-332.504
68,6.29852,-76.4401,-333.2
68.5,13.0951,-69.6435,-333.838
69,19.8725,-62.8661,-334.416
69.5,26.6274,-56.1111,-334.935
70,33.3567,-49.3818,-335.396
70.5,40.0572,-42.6813,-335.797
71,46.7258,-36.0128,-336.141
71.5,53.3594,-29.3792,-336.426
72,59.9549,-22.7837,-336.654
72.5,66.5095,-16.2291,-336.824
73,73.0201,-9.71853,-336.937
73.5,79.4839,-3.25472,-336.994
74,85.898,3.15946,-336.994
74.5,92.2599,9.52128,-336.939
75,98.5666,15.828,-336.828
75.5,104.816,22.077,-336.663
76,111.004,28.2658,-336.443
76.5,117.13,34.3917,-336.17
77,123.191,40.4523,-335.843
77.5,129.184,46.4452,-335.464
78,135.107,52.3682,-335.033
78.5,140.957,58.2188,-334.55
79,146.734,63.995,-334.017
79.5,152.433,69.6946,-333.434
80,158.054,75.3156,-332.801
80.5,163.594,80.8559,-332.119
81,169.052,86.3135,-331.39
81.5,174.425,91.6868,-330.613
82,179.712,96.9738,-329.79
82.5,184.911,102.173,-328.921
83,190.021,107.282,-328.007
83.5,195.039,112.301,-327.049
84,199.965,117.226,-326.048
84.5,204.796,122.058,-325.004
85,209.532,126.794,-323.918
85.5,214.172,131.433,-322.791
86,218.713,135.974,-321.624
86.5,223.155,140.416,-320.418
87,227.497,144.758,-319.174
87.5,231.738,148.999,-317.892
88,235.877,153.138,-316.574
88.5,239.912,157.174,-315.22
89,243.844,161.106,-313.831
89.5,247.671,164.933,-312.409
90,251.394,168.655,-310.953
90.5,255.01,172.272,-309.465
91,258.52,175.782,-307.947
91.5,261.924,179.185,-306.398
92,265.221,182.482,-304.82
92.5,268.41,185.671,-303.213
93,271.491,188.753,-301.58
93.5,274.465,191.726,-299.92
94,277.33,194.592,-298.234
94.5,280.088,197.35,-296.524
95,282.738,199.999,-294.79
95.5,285.28,202.541,-293.034
96,287.714,204.975,-291.256
96.5,290.04,207.302,-289.457
97,292.26,209.521,-287.638
97.5,294.372,211.633,-285.8
98,296.377,213.639,-283.945
98.5,298.276,215.538,-282.072
99,300.07,217.331,-280.183
99.5,301.758,219.019,-278.279
100,303.341,220.603,-276.361
100.5,304.821,222.082,-274.43
101,306.197,223.458,-272.485
101.5,307.47,224.732,-270.53
102,308.642,225.903,-268.564
102.5,309.712,226.974,-266.588
103,310.683,227.944,-264.603
103.5,311.553,228.815,-262.61
104,312.326,229.587,-260.609
104.5,313.001,230.263,-258.603
105,313.58,230.841,-256.591
105.5,314.064,231.325,-254.574
106,314.453,231.714,-252.554
106.5,314.749,232.011,-250.531
107,314.953,232.215,-248.505
107.5,315.067,232.328,-246.478
108,315.091,232.353,-244.451
108.5,315.027,232.288,-242.423
109,314.876,232.137,-240.397
109.5,314.639,231.9,-238.372
110,314.318,231.579,-236.35
110.5,313.914,231.175,-234.331
111,313.428,230.689,-232.315
111.5,312.862,230.123,-230.305
112,312.217,229.479,-228.299
112.5,311.495,228.757,-226.3
113,310.697,227.959,-224.307
113.5,309.825,227.086,-222.322
114,308.879,226.141,-220.344
114.5,307.862,225.124,-218.375
115,306.775,224.037,-216.415
115.5,305.62,222.881,-214.465
116,304.398,221.659,-212.525
116.5,303.11,220.371,-210.597
117,301.758,219.02,-208.679
117.5,300.344,217.605,-206.774
118,298.869,216.131,-204.882
118.5,297.335,214.596,-203.002
119,295.743,213.004,-201.137
119.5,294.095,211.356,-199.285
120,292.392,209.654,-197.448
120.5,290.636,207.898,-195.626
121,288.829,206.09,-193.82
121.5,286.971,204.233,-192.029
122,285.065,202.327,-190.255
122.5,283.112,200.374,-188.498
123,281.114,198.375,-186.758
123.5,279.071,196.333,-185.036
124,276.986,194.248,-183.332
124.5,274.861,192.122,-181.646
125,272.695,189.957,-179.979
125.5,270.492,187.753,-178.331
126,268.252,185.513,-176.702
126.5,265.977,183.238,-175.093
127,263.668,180.929,-173.504
127.5,261.326,178.588,-171.936
128,258.954,176.216,-170.387
128.5,256.553,173.814,-168.86
129,254.123,171.384,-167.354
129.5,251.666,168.928,-165.869
130,249.184,166.446,-164.406
130.5,246.678,163.939,-162.964
131,244.149,161.41,-161.545
131.5,241.598,158.859,-160.147
132,239.027,156.288,-158.772
132.5,236.436,153.698,-157.419
133,233.828,151.089,-156.09
133.5,231.203,148.464,-154.783
134,228.562,145.824,-153.498
134.5,225.907,143.168,-152.237
135,223.238,140.5,-151
135.5,220.558,137.819,-149.785
136,217.866,135.127,-148.594
136.5,215.164,132.425,-147.427
137,212.453,129.714,-146.283
137.5,209.734,126.995,-145.163
138,207.007,124.269,-144.067
138.5,204.275,121.536,-142.994
139,201.537,118.799,-141.946
139.5,198.795,116.057,-140.921
140,196.05,113.311,-139.92
140.5,193.302,110.563,-138.943
141,190.552,107.813,-137.99
141.5,187.801,105.062,-137.061
142,185.05,102.311,-136.157
142.5,182.3,99.561,-135.276
143,179.55,96.8118,-134.419
143.5,176.803,94.0646,-133.586
144,174.059,91.32,-132.777
144.5,171.317,88.5788,-131.992
145,168.58,85.8414,-131.231
145.5,165.847,83.1086,-130.494
146,163.12,80.3809,-129.781
146.5,160.397,77.6589,-129.091
147,157.682,74.943,-128.425
147.5,154.972,72.2338,-127.783
148,152.27,69.5318,-127.164
148.5,149.576,66.8374,-126.569
149,146.89,64.151,-125.998
149.5,144.212,61.473,-125.45
150,141.542,58.8039,-124.925
150.5,138.882,56.1439,-124.423
151,136.232,53.4934,-123.945
151.5,133.591,50.8528,-123.49
152,130.961,48.2223,-123.057
152.5,128.341,45.6021,-122.648
153,125.731,42.9925,-122.261
153.5,123.132,40.3938,-121.898
154,120.545,37.806,-121.556
154.5,117.968,35.2295,-121.238
155,115.403,32.6644,-120.942
155.5,112.849,30.1107,-120.668
156,110.307,27.5686,-120.416
156.5,107.777,25.0383,-120.186
157,105.258,22.5197,-119.979
157.5,102.752,20.0129,-119.793
158,100.257,17.518,-119.63
158.5,97.7736,15.035,-119.487
159,95.3025,12.5639,-119.367
159.5,92.8432,10.1046,-119.268
160,90.3958,7.6572,-119.191
160.5,87.9601,5.22152,-119.134
161,85.5361,2.79753,-119.099
161.5,83.1237,0.385154,-119.086
162,80.7229,-2.01572,-119.093
162.5,78.3334,-4.40522,-119.121
163,75.9551,-6.78348,-119.17
163.5,73.5879,-9.15064,-119.239
164,71.2317,-11.5069,-119.329
164.5,68.8862,-13.8524,-119.44
165,66.5513,-16.1873,-119.571
165.5,64.2267,-18.5119,-119.722
166,61.9122,-20.8264,-119.894
166.5,59.6077,-23.1309,-120.086
167,57.3127,-25.4258,-120.298
167.5,55.0272,-27.7114,-120.529
168,52.7508,-29.9878,-120.781
168.5,50.4832,-32.2554,-121.053
169,48.2242,-34.5144,-121.344
169.5,45.9734,-36.7651,-121.655
170,43.7306,-39.0079,-121.986
170.5,41.4954,-41.2431,-122.336
171,39.2676,-43.471,-122.706
171.5,37.0466,-45.6919,-123.095
172,34.8323,-47.9062,-123.503
172.5,32.6243,-50.1143,-123.931
173,30.4222,-52.3164,-124.378
173.5,28.2256,-54.513,-124.844
174,26.0342,-56.7044,-125.329
174.5,23.8476,-58.8909,-125.833
175,21.6655,-61.0731,-126.357
175.5,19.4873,-63.2513,-126.899
176,17.3128,-65.4258,-127.461
176.5,15.1416,-67.597,-128.041
177,12.9732,-69.7654,-128.641
177.5,10.8072,-71.9313,-129.259
178,8.64333,-74.0953,-129.896
178.5,6.48106,-76.2575,-130.552
179,4.32002,-78.4186,-131.227
179.5,2.15981,-80.5788,-131.921
180,4.54627e-14,-82.7386,-132.633
180.5,-2.15981,-84.8984,-133.365
181,-4.32006,-87.0586,-134.115
181.5,-6.48118,-89.2198,-134.884
182,-8.64361,-91.3822,-135.672
182.5,-10.8078,-93.5464,-136.479
183,-12.9742,-95.7127,-137.305
183.5,-15.1431,-97.8817,-138.15
184,-17.3151,-100.054,-139.013
184.5,-19.4906,-102.229,-139.896
185,-21.67,-104.409,-140.798
185.5,-23.8536,-106.592,-141.718
186,-26.042,-108.781,-142.658
186.5,-28.2355,-110.974,-143.617
187,-30.4345,-113.173,-144.595
187.5,-32.6395,-115.378,-145.592
188,-34.8508,-117.589,-146.609
188.5,-37.0688,-119.807,-147.645
189,-39.2939,-122.032,-148.7
189.5,-41.5264,-124.265,-149.774
190,-43.7668,-126.505,-150.869
190.5,-46.0154,-128.754,-151.982
191,-48.2724,-131.011,-153.116
191.5,-50.5384,-133.277,-154.269
192,-52.8135,-135.552,-155.442
192.5,-55.0982,-137.837,-156.635
193,-57.3927,-140.131,-157.848
193.5,-59.6973,-142.436,-159.081
194,-62.0123,-144.751,-160.334
194.5,-64.338,-147.077,-161.607
195,-66.6747,-149.413,-162.901
195.5,-69.0225,-151.761,-164.215
196,-71.3818,-154.12,-165.55
196.5,-73.7528,-156.491,-166.905
197,-76.1357,-158.874,-168.281
197.5,-78.5306,-161.269,-169.678
198,-80.9378,-163.676,-171.096
198.5,-83.3574,-166.096,-172.535
199,-85.7897,-168.528,-173.995
199.5,-88.2346,-170.973,-175.476
200,-90.6925,-173.431,-176.979
200.5,-93.1633,-175.902,-178.503
201,-95.6471,-178.386,-180.049
201.5,-98.1441,-180.883,-181.616
202,-100.654,-183.393,-183.206
202.5,-103.178,-185.916,-184.817
203,-105.714,-188.453,-186.451
203.5,-108.264,-191.003,-188.106
204,-110.827,-193.566,-189.784
204.5,-113.404,-196.142,-191.485
205,-115.993,-198.732,-193.208
205.5,-118.596,-201.334,-194.953
206,-121.211,-203.95,-196.722
206.5,-123.84,-206.578,-198.513
207,-126.481,-209.219,-200.327
207.5,-129.135,-211.873,-202.165
208,-131.801,-214.539,-204.025
208.5,-134.479,-217.218,-205.909
209,-137.17,-219.908,-207.817
209.5,-139.872,-222.61,-209.747
210,-142.585,-225.324,-211.702
210.5,-145.31,-228.049,-213.68
211,-148.046,-230.784,-215.682
211.5,-150.792,-233.531,-217.708
212,-153.549,-236.287,-219.758
212.5,-156.315,-239.053,-221.832
213,-159.091,-241.829,-223.93
213.5,-161.875,-244.614,-226.053
214,-164.669,-247.407,-228.2
214.5,-167.47,-250.209,-230.371
215,-170.279,-253.018,-232.567
215.5,-173.095,-255.834,-234.787
216,-175.918,-258.657,-237.032
216.5,-178.747,-261.485,-239.301
217,-181.581,-264.319,-241.596
217.5,-184.419,-267.158,-243.915
218,-187.262,-270.001,-246.258
218.5,-190.109,-272.847,-248.627
219,-192.958,-275.696,-251.021
219.5,-195.809,-278.548,-253.439
220,-198.662,-281.4,-255.882
220.5,-201.515,-284.253,-258.35
221,-204.367,-287.106,-260.843
221.5,-207.219,-289.958,-263.361
222,-210.069,-292.808,-265.904
222.5,-212.916,-295.655,-268.472
223,-215.76,-298.499,-271.064
223.5,-218.599,-301.338,-273.681
224,-221.433,-304.171,-276.323
224.5,-224.26,-306.999,-278.99
225,-227.08,-309.818,-281.682
225.5,-229.891,-312.63,-284.398
226,-232.694,-315.432,-287.138
226.5,-235.485,-318.224,-289.903
227,-238.266,-321.004,-292.692
227.5,-241.033,-323.772,-295.505
228,-243.787,-326.526,-298.343
228.5,-246.526,-329.265,-301.204
229,-249.25,-331.988,-304.089
229.5,-251.956,-334.694,-306.998
230,-254.644,-337.382,-309.931
230.5,-257.312,-340.051,-312.887
231,-259.96,-342.699,-315.866
231.5,-262.586,-345.324,-318.868
232,-265.188,-347.927,-321.893
232.5,-267.766,-350.505,-324.94
233,-270.319,-353.057,-328.01
233.5,-272.844,-355.583,-331.102
234,-275.341,-358.08,-334.216
234.5,-277.809,-360.547,-337.352
235,-280.245,-362.983,-340.509
235.5,-282.649,-365.387,-343.687
236,-285.019,-367.758,-346.886
236.5,-287.354,-370.093,-350.105
237,-289.653,-372.391,-353.345
237.5,-291.913,-374.652,-356.605
238,-294.135,-376.874,-359.884
238.5,-296.316,-379.054,-363.182
239,-298.455,-381.193,-366.499
239.5,-300.55,-383.288,-369.835
240,-302.6,-385.339,-373.189
240.5,-304.604,-387.343,-376.56
241,-306.56,-389.299,-379.949
241.5,-308.467,-391.206,-383.354
242,-310.324,-393.063,-386.777
242.5,-312.128,-394.867,-390.214
243,-313.88,-396.618,-393.668
243.5,-315.576,-398.314,-397.137
244,-317.216,-399.954,-400.62
244.5,-318.798,-401.537,-404.117
245,-320.321,-403.06,-407.628
245.5,-321.784,-404.523,-411.151
246,-323.185,-405.924,-414.688
246.5,-324.523,-407.262,-418.236
247,-325.797,-408.535,-421.795
247.5,-327.004,-409.743,-425.366
248,-328.145,-410.883,-428.946
248.5,-329.217,-411.955,-432.537
249,-330.219,-412.957,-436.136
249.5,-331.15,-413.889,-439.744
250,-332.009,-414.748,-443.359
250.5,-332.795,-415.533,-446.982
251,-333.505,-416.244,-450.612
251.5,-334.14,-416.879,-454.247
252,-334.698,-417.437,-457.887
252.5,-335.178,-417.917,-461.532
253,-335.579,-418.318,-465.181
253.5,-335.9,-418.638,-468.833
254,-336.139,-418.877,-472.487
254.5,-336.296,-419.034,-476.143
255,-336.37,-419.108,-479.8
255.5,-336.359,-419.098,-483.458
256,-336.264,-419.002,-487.114
256.5,-336.082,-418.821,-490.77
257,-335.814,-418.553,-494.424
257.5,-335.459,-418.198,-498.075
258,-335.016,-417.754,-501.722
258.5,-334.483,-417.222,-505.366
259,-333.861,-416.6,-509.004
259.5,-333.15,-415.888,-512.636
260,-332.347,-415.086,-516.262
260.5,-331.454,-414.192,-519.881
261,-330.469,-413.208,-523.491
261.5,-329.392,-412.131,-527.092
262,-328.223,-410.962,-530.683
262.5,-326.962,-409.701,-534.264
263,-325.608,-408.347,-537.834
263.5,-324.162,-406.9,-541.391
264,-322.622,-405.361,-544.935
264.5,-320.99,-403.728,-548.465
265,-319.264,-402.003,-551.981
265.5,-317.446,-400.185,-555.481
266,-315.535,-398.274,-558.965
266.5,-313.532,-396.271,-562.432
267,-311.437,-394.175,-565.881
267.5,-309.25,-391.988,-569.311
268,-306.971,-389.71,-572.722
268.5,-304.602,-387.34,-576.113
269,-302.142,-384.881,-579.482
269.5,-299.593,-382.331,-582.83
270,-296.954,-379.693,-586.155
270.5,-294.227,-376.966,-589.456
271,-291.413,-374.152,-592.733
271.5,-288.512,-371.251,-595.986
272,-285.526,-368.264,-599.213
272.5,-282.455,-365.194,-602.413
273,-279.301,-362.039,-605.586
273.5,-276.064,-358.803,-608.731
274,-272.747,-355.486,-611.848
274.5,-269.35,-352.089,-614.935
275,-265.875,-348.613,-617.993
275.5,-262.323,-345.062,-621.02
276,-258.696,-341.435,-624.015
276.5,-254.996,-337.734,-626.978
277,-251.223,-333.962,-629.909
277.5,-247.381,-330.12,-632.807
278,-243.471,-326.21,-635.671
278.5,-239.495,-322.233,-638.5
279,-235.454,-318.193,-641.294
279.5,-231.352,-314.09,-644.053
280,-227.189,-309.928,-646.776
280.5,-222.969,-305.707,-649.462
281,-218.693,-301.432,-652.111
281.5,-214.365,-297.103,-654.723
282,-209.986,-292.724,-657.297
282.5,-205.558,-288.297,-659.832
283,-201.086,-283.824,-662.328
283.5,-196.57,-279.309,-664.785
284,-192.015,-274.754,-667.203
284.5,-187.422,-270.161,-669.58
285,-182.795,-265.534,-671.918
285.5,-178.136,-260.875,-674.215
286,-173.449,-256.187,-676.471
286.5,-168.736,-251.475,-678.686
287,-164.001,-246.739,-680.86
287.5,-159.246,-241.985,-682.992
288,-154.476,-237.214,-685.083
288.5,-149.693,-232.431,-687.132
289,-144.9,-227.638,-689.14
289.5,-140.101,-222.84,-691.105
290,-135.3,-218.038,-693.029
290.5,-130.499,-213.238,-694.911
291,-125.703,-208.441,-696.751
291.5,-120.914,-203.653,-698.549
292,-116.138,-198.876,-700.305
292.5,-111.376,-194.115,-702.02
293,-106.633,-189.372,-703.693
293.5,-101.913,-184.652,-705.325
294,-97.2193,-179.958,-706.916
294.5,-92.5556,-175.294,-708.466
295,-87.9258,-170.664,-709.976
295.5,-83.3338,-166.072,-711.445
296,-78.7834,-161.522,-712.874
296.5,-74.2785,-157.017,-714.264
297,-69.8231,-152.562,-715.615
297.5,-65.421,-148.16,-716.927
298,-61.0762,-143.815,-718.201
298.5,-56.7926,-139.531,-719.438
299,-52.5741,-135.313,-720.637
299.5,-48.4246,-131.163,-721.8
300,-44.3482,-127.087,-722.926
300.5,-40.3488,-123.087,-724.018
301,-36.4302,-119.169,-725.075
301.5,-32.5965,-115.335,-726.098
302,-28.8514,-111.59,-727.088
302.5,-25.1989,-107.937,-728.046
303,-21.6428,-104.381,-728.973
303.5,-18.1871,-100.926,-729.868
304,-14.8354,-97.574,-730.735
304.5,-11.5915,-94.3301,-731.572
305,-8.45928,-91.1979,-732.381
305.5,-5.44227,-88.1809,-733.164
306,-2.54416,-85.2827,-733.921
306.5,0.231461,-82.5071,-734.653
307,2.88107,-79.8575,-735.362
307.5,5.4012,-77.3374,-736.047
308,7.78845,-74.9501,-736.712
308.5,10.0395,-72.6991,-737.356
309,12.1511,-70.5875,-737.981
309.5,14.12,-68.6185,-738.589
310,15.9433,-66.7953,-739.18
310.5,17.6178,-65.1207,-739.755
311,19.1408,-63.5978,-740.317
311.5,20.5094,-62.2292,-740.866
312,21.721,-61.0176,-741.404
312.5,22.773,-59.9656,-741.932
313,23.663,-59.0756,-742.451
313.5,24.3887,-58.3499,-742.963
314,24.948,-57.7906,-743.47
314.5,25.3388,-57.3998,-743.973
315,25.5593,-57.1793,-744.473
315.5,25.6078,-57.1308,-744.971
316,25.4828,-57.2557,-745.471
316.5,25.183,-57.5556,-745.972
317,24.7072,-58.0314,-746.476
317.5,24.0545,-58.6841,-746.985
318,23.2241,-59.5145,-747.501
318.5,22.2155,-60.5231,-748.025
319,21.0283,-61.7102,-748.558
319.5,19.6627,-63.0759,-749.102
320,18.1187,-64.6199,-749.66
320.5,16.3968,-66.3418,-750.231
321,14.4976,-68.2409,-750.818
321.5,12.4224,-70.3162,-751.423
322,10.1722,-72.5664,-752.046
322.5,7.74884,-74.9897,-752.69
323,5.15414,-77.5844,-753.356
323.5,2.39042,-80.3482,-754.045
324,-0.539707,-83.2783,-754.759
324.5,-3.63323,-86.3718,-755.499
325,-6.88678,-89.6254,-756.267
325.5,-10.2966,-93.0352,-757.064
326,-13.8585,-96.597,-757.892
326.5,-17.5678,-100.306,-758.751
327,-21.4195,-104.158,-759.643
327.5,-25.4082,-108.147,-760.569
328,-29.5277,-112.266,-761.531
328.5,-33.7717,-116.51,-762.529
329,-38.1332,-120.872,-763.565
329.5,-42.6046,-125.343,-764.639
330,-47.178,-129.917,-765.753
330.5,-51.8447,-134.583,-766.907
331,-56.5955,-139.334,-768.102
331.5,-61.4209,-144.159,-769.339
332,-66.3104,-149.049,-770.619
332.5,-71.2531,-153.992,-771.941
333,-76.2376,-158.976,-773.306
333.5,-81.2516,-163.99,-774.716
334,-86.2824,-169.021,-776.169
334.5,-91.3167,-174.055,-777.666
335,-96.3405,-179.079,-779.207
335.5,-101.339,-184.078,-780.791
336,-106.297,-189.036,-782.419
336.5,-111.199,-193.938,-784.09
337,-116.028,-198.767,-785.804
337.5,-120.768,-203.507,-787.559
338,-125.401,-208.139,-789.355
338.5,-129.908,-212.647,-791.191
339,-134.272,-217.011,-793.066
339.5,-138.473,-221.212,-794.978
340,-142.493,-225.231,-796.926
340.5,-146.311,-229.049,-798.908
341,-149.907,-232.646,-800.923
341.5,-153.263,-236.001,-802.967
342,-156.357,-239.095,-805.04
342.5,-159.17,-241.908,-807.139
343,-161.681,-244.419,-809.261
343.5,-163.871,-246.609,-811.404
344,-165.72,-248.459,-813.564
344.5,-167.21,-249.948,-815.739
345,-168.321,-251.06,-817.925
345.5,-169.038,-251.776,-820.119
346,-169.342,-252.08,-822.317
346.5,-169.218,-251.956,-824.516
347,-168.652,-251.39,-826.713
347.5,-167.63,-250.369,-828.902
348,-166.142,-248.88,-831.08
348.5,-164.176,-246.915,-833.244
349,-161.727,-244.465,-835.388
349.5,-158.786,-241.525,-837.508
350,-155.352,-238.09,-839.601
350.5,-151.422,-234.16,-841.662
351,-146.997,-229.736,-843.686
351.5,-142.082,-224.82,-845.669
352,-136.681,-219.42,-847.607
352.5,-130.806,-213.544,-849.497
353,-124.466,-207.205,-851.333
353.5,-117.678,-200.416,-853.111
354,-110.457,-193.196,-854.829
354.5,-102.826,-185.564,-856.481
355,-94.8055,-177.544,-858.066
355.5,-86.4226,-169.161,-859.578
356,-77.7053,-160.444,-861.017
356.5,-68.684,-151.423,-862.377
357,-59.3915,-142.13,-863.658
357.5,-49.8627,-132.601,-864.857
358,-40.134,-122.873,-865.972
358.5,-30.2437,-112.982,-867.001
359,-20.2309,-102.97,-867.943
359.5,-10.1361,-92.8747,-868.798
360,0,-82.7386,-869.564
360.5,28.4122,-54.3264,-870.162
361,56.8242,-25.9144,-870.512
361.5,85.2359,2.49728,-870.614
362,113.647,30.9083,-870.468
362.5,142.057,59.3186,-870.075
363,170.467,87.728,-869.433
363.5,198.875,116.136,-868.544
364,227.281,144.543,-867.406
364.5,255.686,172.948,-866.021
365,284.09,201.351,-864.388
365.5,312.49,229.752,-862.507
366,340.889,258.15,-860.378
366.5,369.284,286.546,-858.001
367,397.677,314.938,-855.377
367.5,426.065,343.327,-852.504
368,454.45,371.712,-849.384
368.5,482.831,400.092,-846.017
369,511.206,428.467,-842.401
369.5,539.576,456.838,-838.539
370,567.94,485.202,-834.428
370.5,596.298,513.559,-830.07
371,624.649,541.91,-825.465
371.5,652.991,570.253,-820.612
372,681.326,598.587,-815.512
372.5,709.651,626.912,-810.165
373,737.966,655.227,-804.571
373.5,766.27,683.532,-798.729
374,794.563,711.824,-792.641
374.5,822.843,740.104,-786.305
375,851.109,768.37,-779.724
375.5,879.36,796.622,-772.895
376,907.596,824.857,-765.82
376.5,935.814,853.076,-758.499
377,964.015,881.276,-750.931
377.5,992.196,909.457,-743.117
378,1001.08,918.338,-735.142
378.5,1005.59,922.853,-727.108
379,1009.09,926.353,-719.04
379.5,1011.62,928.883,-710.945
380,1013.23,930.489,-702.832
380.5,1013.95,931.216,-694.709
381,1013.85,931.111,-686.583
381.5,1012.96,930.217,-678.461
382,1011.32,928.58,-670.351
382.5,1008.98,926.245,-662.257
383,1005.99,923.253,-654.187
383.5,1002.39,919.649,-646.146
384,998.21,915.472,-638.139
384.5,993.502,910.764,-630.17
385,988.301,905.563,-622.245
385.5,982.646,899.908,-614.367
386,976.574,893.835,-606.541
386.5,970.119,887.38,-598.769
387,963.317,880.578,-591.055
387.5,956.2,873.461,-583.401
388,948.799,866.061,-575.811
388.5,941.147,858.408,-568.287
389,933.27,850.532,-560.83
389.5,925.198,842.459,-553.443
390,916.957,834.218,-546.127
390.5,908.571,825.833,-538.884
391,900.066,817.327,-531.714
391.5,891.463,808.725,-524.619
392,882.785,800.047,-517.599
392.5,874.052,791.314,-510.656
393,865.284,782.545,-503.789
393.5,856.498,773.76,-496.998
394,847.712,764.974,-490.284
394.5,838.943,756.204,-483.647
395,830.205,747.466,-477.086
395.5,821.512,738.773,-470.601
396,812.879,730.14,-464.191
396.5,804.317,721.578,-457.857
397,795.838,713.099,-451.597
397.5,787.453,704.715,-445.411
398,779.173,696.434,-439.297
398.5,771.005,688.267,-433.255
399,762.96,680.221,-427.284
399.5,755.044,672.305,-421.382
400,747.265,664.526,-415.549
400.5,739.63,656.891,-409.784
401,732.144,649.405,-404.084
401.5,724.812,642.074,-398.449
402,717.641,634.902,-392.877
402.5,710.633,627.894,-387.367
403,703.793,621.054,-381.917
403.5,697.124,614.385,-376.527
404,690.629,607.89,-371.193
404.5,684.31,601.571,-365.916
405,678.169,595.431,-360.693
405.5,672.209,589.47,-355.523
406,666.429,583.691,-350.404
406.5,660.832,578.093,-345.335
407,655.417,572.679,-340.314
407.5,650.185,567.447,-335.339
408,645.136,562.398,-330.409
408.5,640.269,557.531,-325.523
409,635.585,552.846,-320.678
409.5,631.08,548.342,-315.873
410,626.756,544.018,-311.106
410.5,622.61,539.872,-306.377
411,618.641,535.903,-301.683
411.5,614.847,532.109,-297.023
412,611.226,528.488,-292.395
412.5,607.776,525.037,-287.799
413,604.495,521.756,-283.231
413.5,601.379,518.641,-278.691
414,598.427,515.689,-274.178
414.5,595.636,512.897,-269.69
415,593.002,510.264,-265.226
415.5,590.523,507.785,-260.784
416,588.196,505.458,-256.363
416.5,586.017,503.279,-251.961
417,583.984,501.245,-247.578
417.5,582.091,499.353,-243.212
418,580.337,497.599,-238.862
418.5,578.717,495.979,-234.527
419,577.229,494.49,-230.205
419.5,575.867,493.128,-225.896
420,574.628,491.89,-221.598
420.5,573.51,490.771,-217.31
421,572.506,489.768,-213.032
421.5,571.615,488.876,-208.762
422,570.831,488.093,-204.499
422.5,570.152,487.413,-200.242
423,569.572,486.833,-195.992
423.5,569.088,486.35,-191.745
424,568.696,485.958,-187.503
424.5,568.393,485.654,-183.263
425,568.173,485.434,-179.026
425.5,568.033,485.294,-174.79
426,567.968,485.23,-170.556
426.5,567.976,485.238,-166.321
427,568.052,485.313,-162.086
427.5,568.192,485.453,-157.851
428,568.392,485.653,-153.613
428.5,568.648,485.909,-149.374
429,568.956,486.217,-145.133
429.5,569.312,486.574,-140.888
430,569.714,486.975,-136.64
430.5,570.156,487.417,-132.388
431,570.635,487.896,-128.133
431.5,571.147,488.408,-123.873
432,571.689,488.95,-119.608
432.5,572.257,489.518,-115.339
433,572.848,490.109,-111.065
433.5,573.457,490.719,-106.785
434,574.082,491.344,-102.5
434.5,574.72,491.981,-98.2093
435,575.366,492.627,-93.9131
435.5,576.017,493.278,-89.6113
436,576.671,493.932,-85.3038
436.5,577.324,494.585,-80.9905
437,577.972,495.234,-76.6716
437.5,578.614,495.876,-72.3471
438,579.246,496.507,-68.017
438.5,579.865,497.126,-63.6815
439,580.468,497.73,-59.3406
439.5,581.053,498.314,-54.9945
440,581.616,498.878,-50.6435
440.5,582.156,499.417,-46.2876
441,582.669,499.931,-41.9271
441.5,583.154,500.415,-37.5623
442,583.607,500.868,-33.1934
442.5,584.026,501.288,-28.8206
443,584.41,501.672,-24.4444
443.5,584.756,502.018,-20.065
444,585.062,502.323,-15.6827
444.5,585.326,502.587,-11.298
445,585.545,502.807,-6.9111
445.5,585.719,502.98,-2.52253
446,585.845,503.106,1.86735
446.5,585.922,503.183,6.25812
447,585.947,503.208,10.6493
447.5,585.92,503.181,15.0405
448,585.839,503.1,19.4313
448.5,585.702,502.963,23.821
449,585.508,502.77,28.2094
449.5,585.257,502.518,32.5958
450,584.946,502.207,36.9797
450.5,584.574,501.836,41.3607
451,584.141,501.403,45.7381
451.5,583.646,500.907,50.1115
452,583.087,500.349,54.4803
452.5,582.464,499.726,58.844
453,581.777,499.038,63.2019
453.5,581.023,498.285,67.5536
454,580.204,497.465,71.8983
454.5,579.318,496.579,76.2357
455,578.364,495.625,80.565
455.5,577.343,494.604,84.8857
456,576.254,493.515,89.1972
456.5,575.097,492.358,93.4988
457,573.871,491.132,97.7901
457.5,572.576,489.838,102.07
458,571.213,488.475,106.339
458.5,569.782,487.043,110.596
459,568.281,485.542,114.839
459.5,566.712,483.973,119.07
460,565.074,482.335,123.286
460.5,563.368,480.629,127.488
461,561.594,478.855,131.674
461.5,559.752,477.013,135.845
462,557.843,475.104,139.999
462.5,555.866,473.128,144.137
463,553.823,471.085,148.257
463.5,551.714,468.976,152.358
464,549.54,466.801,156.442
464.5,547.3,464.562,160.505
465,544.996,462.258,164.549
465.5,542.629,459.89,168.573
466,540.198,457.46,172.576
466.5,537.705,454.967,176.557
467,535.151,452.413,180.516
467.5,532.537,449.798,184.453
468,529.862,447.123,188.366
468.5,527.129,444.39,192.256
469,524.337,441.599,196.122
469.5,521.489,438.75,199.963
470,518.584,435.846,203.78
470.5,515.625,432.886,207.57
471,512.611,429.873,211.335
471.5,509.545,426.806,215.073
472,506.426,423.688,218.784
472.5,503.257,420.518,222.467
473,500.038,417.299,226.123
473.5,496.77,414.032,229.75
474,493.455,410.717,233.349
474.5,490.094,407.356,236.918
475,486.688,403.949,240.458
475.5,483.238,400.499,243.968
476,479.745,397.006,247.448
476.5,476.21,393.472,250.897
477,472.636,389.897,254.315
477.5,469.022,386.283,257.702
478,465.371,382.632,261.057
478.5,461.683,378.944,264.38
479,457.959,375.221,267.671
479.5,454.202,371.463,270.929
480,450.412,367.673,274.154
480.5,446.59,363.851,277.346
481,442.738,359.999,280.504
481.5,438.857,356.118,283.629
482,434.948,352.209,286.719
482.5,431.012,348.274,289.776
483,427.051,344.313,292.798
483.5,423.066,340.328,295.785
484,419.059,336.32,298.738
484.5,415.029,332.29,301.655
485,410.979,328.241,304.537
485.5,406.91,324.172,307.384
486,402.823,320.084,310.195
486.5,398.719,315.98,312.97
487,394.599,311.861,315.71
487.5,390.465,307.727,318.413
488,386.318,303.579,321.08
488.5,382.158,299.419,323.712
489,377.987,295.248,326.306
489.5,373.806,291.067,328.865
490,369.616,286.877,331.386
490.5,365.418,282.68,333.871
491,361.214,278.475,336.32
491.5,357.003,274.265,338.732
492,352.788,270.05,341.107
492.5,348.569,265.831,343.445
493,344.348,261.609,345.746
493.5,340.124,257.386,348.011
494,335.9,253.161,350.239
494.5,331.675,248.937,352.429
495,327.452,244.713,354.583
495.5,323.231,240.492,356.7
496,319.012,236.273,358.781
496.5,314.796,232.058,360.824
497,310.585,227.847,362.831
497.5,306.379,223.641,364.801
498,302.179,219.441,366.734
498.5,297.986,215.247,368.631
499,293.8,211.061,370.491
499.5,289.622,206.883,372.315
500,285.453,202.714,374.102
500.5,281.293,198.554,375.853
501,277.143,194.405,377.567
501.5,273.004,190.266,379.246
502,268.876,186.138,380.888
502.5,264.76,182.021,382.495
503,260.656,177.918,384.065
503.5,256.565,173.827,385.6
504,252.487,169.749,387.099
504.5,248.424,165.685,388.563
505,244.374,161.635,389.991
505.5,240.339,157.6,391.384
506,236.319,153.58,392.742
506.5,232.314,149.576,394.064
507,228.326,145.587,395.352
507.5,224.353,141.614,396.605
508,220.396,137.658,397.824
508.5,216.457,133.718,399.008
509,212.534,129.795,400.158
509.5,208.628,125.89,401.273
510,204.74,122.002,402.355
510.5,200.87,118.131,403.403
511,197.017,114.278,404.417
511.5,193.182,110.443,405.397
512,189.365,106.626,406.345
512.5,185.566,102.827,407.258
513,181.785,99.0464,408.139
513.5,178.022,95.2839,408.987
514,174.278,91.5397,409.802
514.5,170.552,87.8137,410.585
515,166.845,84.1061,411.335
515.5,163.155,80.4168,412.053
516,159.484,76.7457,412.739
516.5,155.831,73.0928,413.393
517,152.197,69.458,414.015
517.5,148.58,65.8412,414.605
518,144.981,62.2424,415.164
518.5,141.4,58.6613,415.691
519,137.836,55.0978,416.188
519.5,134.29,51.5518,416.653
520,130.762,48.023,417.088
520.5,127.25,44.5113,417.491
521,123.755,41.0165,417.864
521.5,120.277,37.5383,418.207
522,116.815,34.0764,418.52
522.5,113.369,30.6307,418.802
523,109.939,27.2008,419.054
523.5,106.525,23.7865,419.277
524,103.126,20.3874,419.47
524.5,99.7418,17.0032,419.633
525,96.3722,13.6336,419.766
525.5,93.0169,10.2783,419.871
526,89.6755,6.93688,419.946
526.5,86.3475,3.60896,419.992
527,83.0328,0.294193,420.009
527.5,79.7308,-3.00783,419.997
528,76.4411,-6.2975,419.956
528.5,73.1634,-9.57523,419.887
529,69.8971,-12.8414,419.789
529.5,66.642,-16.0966,419.663
530,63.3975,-19.3411,419.509
530.5,60.1632,-22.5754,419.326
531,56.9386,-25.7999,419.115
531.5,53.7234,-29.0152,418.875
532,50.5169,-32.2217,418.608
532.5,47.3187,-35.4199,418.313
533,44.1283,-38.6103,417.99
533.5,40.9453,-41.7933,417.639
534,37.7691,-44.9695,417.261
534.5,34.5992,-48.1393,416.854
535,31.4352,-51.3034,416.42
535.5,28.2765,-54.4621,415.959
536,25.1225,-57.6161,415.47
536.5,21.9728,-60.7657,414.953
537,18.8269,-63.9117,414.409
537.5,15.6842,-67.0544,413.838
538,12.5441,-70.1945,413.239
538.5,9.40621,-73.3324,412.613
539,6.26991,-76.4687,411.959
539.5,3.13469,-79.6039,411.278
540,4.68478e-14,-82.7386,410.57
540.5,-2.2256,-84.9642,409.838
541,-4.45162,-87.1902,409.087
541.5,-6.67846,-89.417,408.316
542,-8.90653,-91.6451,407.526
542.5,-11.1363,-93.8748,406.717
543,-13.368,-96.1066,405.888
543.5,-15.6023,-98.3408,405.039
544,-17.8393,-100.578,404.171
544.5,-20.0797,-102.818,403.284
545,-22.3237,-105.062,402.377
545.5,-24.5718,-107.31,401.45
546,-26.8243,-109.563,400.504
546.5,-29.0816,-111.82,399.538
547,-31.3441,-114.083,398.552
547.5,-33.6122,-116.351,397.547
548,-35.8862,-118.625,396.522
548.5,-38.1665,-120.905,395.476
549,-40.4535,-123.192,394.411
549.5,-42.7475,-125.486,393.326
550,-45.0488,-127.787,392.221
550.5,-47.3577,-130.096,391.096
551,-49.6747,-132.413,389.951
551.5,-51.9999,-134.738,388.785
552,-54.3337,-137.072,387.599
552.5,-56.6764,-139.415,386.393
553,-59.0282,-141.767,385.166
553.5,-61.3895,-144.128,383.918
554,-63.7605,-146.499,382.65
554.5,-66.1414,-148.88,381.361
555,-68.5325,-151.271,380.052
555.5,-70.9339,-153.672,378.721
556,-73.346,-156.085,377.369
556.5,-75.7688,-158.507,375.997
557,-78.2027,-160.941,374.603
557.5,-80.6476,-163.386,373.188
558,-83.1039,-165.842,371.751
558.5,-85.5716,-168.31,370.293
559,-88.0508,-170.789,368.814
559.5,-90.5417,-173.28,367.312
560,-93.0444,-175.783,365.789
560.5,-95.5588,-178.297,364.244
561,-98.0852,-180.824,362.677
561.5,-100.623,-183.362,361.088
562,-103.174,-185.912,359.477
562.5,-105.736,-188.474,357.843
563,-108.31,-191.048,356.187
563.5,-110.896,-193.634,354.509
564,-113.493,-196.232,352.808
564.5,-116.103,-198.842,351.084
565,-118.724,-201.463,349.337
565.5,-121.357,-204.095,347.568
566,-124.001,-206.74,345.775
566.5,-126.656,-209.395,343.959
567,-129.323,-212.061,342.12
567.5,-132,-214.739,340.258
568,-134.688,-217.427,338.373
568.5,-137.387,-220.125,336.463
569,-140.095,-222.834,334.531
569.5,-142.814,-225.552,332.574
570,-145.542,-228.28,330.594
570.5,-148.279,-231.018,328.59
571,-151.025,-233.764,326.562
571.5,-153.78,-236.518,324.51
572,-156.542,-239.281,322.434
572.5,-159.313,-242.051,320.334
573,-162.09,-244.829,318.209
573.5,-164.874,-247.613,316.061
574,-167.665,-250.404,313.887
574.5,-170.461,-253.2,311.69
575,-173.262,-256.001,309.468
575.5,-176.068,-258.807,307.222
576,-178.878,-261.617,304.951
576.5,-181.691,-264.43,302.656
577,-184.507,-267.246,300.336
577.5,-187.325,-270.064,297.992
578,-190.144,-272.883,295.623
578.5,-192.964,-275.703,293.229
579,-195.784,-278.522,290.811
579.5,-198.602,-281.341,288.368
580,-201.419,-284.158,285.9
580.5,-204.233,-286.972,283.408
581,-207.044,-289.783,280.892
581.5,-209.851,-292.589,278.351
582,-212.652,-295.391,275.785
582.5,-215.447,-298.186,273.195
583,-218.235,-300.974,270.581
583.5,-221.015,-303.754,267.942
584,-223.786,-306.524,265.279
584.5,-226.547,-309.285,262.592
585,-229.296,-312.035,259.881
585.5,-232.033,-314.772,257.146
586,-234.757,-317.496,254.388
586.5,-237.467,-320.205,251.605
587,-240.16,-322.899,248.799
587.5,-242.837,-325.576,245.97
588,-245.496,-328.235,243.117
588.5,-248.136,-330.875,240.241
589,-250.756,-333.494,237.342
589.5,-253.353,-336.092,234.42
590,-255.928,-338.667,231.476
590.5,-258.478,-341.217,228.51
591,-261.003,-343.742,225.521
591.5,-263.501,-346.24,222.51
592,-265.971,-348.71,219.478
592.5,-268.411,-351.15,216.424
593,-270.82,-353.559,213.349
593.5,-273.197,-355.936,210.254
594,-275.54,-358.278,207.137
594.5,-277.847,-360.586,204.001
595,-280.118,-362.857,200.844
595.5,-282.351,-365.09,197.668
596,-284.544,-367.283,194.472
596.5,-286.696,-369.435,191.258
597,-288.805,-371.544,188.025
597.5,-290.871,-373.609,184.773
598,-292.89,-375.629,181.504
598.5,-294.863,-377.601,178.217
599,-296.786,-379.525,174.914
599.5,-298.66,-381.398,171.594
600,-300.482,-383.22,168.257
600.5,-302.25,-384.989,164.906
601,-303.964,-386.702,161.538
601.5,-305.621,-388.359,158.157
602,-307.22,-389.958,154.76
602.5,-308.76,-391.498,151.351
603,-310.238,-392.977,147.928
603.5,-311.654,-394.393,144.492
604,-313.006,-395.744,141.045
604.5,-314.292,-397.031,137.586
605,-315.511,-398.249,134.115
605.5,-316.661,-399.399,130.635
606,-317.741,-400.479,127.145
606.5,-318.749,-401.487,123.646
607,-319.683,-402.422,120.138
607.5,-320.543,-403.282,116.622
608,-321.327,-404.065,113.1
608.5,-322.033,-404.771,109.571
609,-322.659,-405.398,106.035
609.5,-323.206,-405.944,102.495
610,-323.67,-406.408,98.9508
610.5,-324.05,-406.789,95.4025
611,-324.347,-407.085,91.8513
611.5,-324.557,-407.295,88.2979
612,-324.679,-407.418,84.7431
612.5,-324.713,-407.452,81.1875
613,-324.657,-407.395,77.6321
613.5,-324.51,-407.248,74.0775
614,-324.27,-407.009,70.5247
614.5,-323.937,-406.675,66.9743
615,-323.509,-406.247,63.4273
615.5,-322.985,-405.724,59.8844
616,-322.365,-405.103,56.3465
616.5,-321.646,-404.385,52.8144
617,-320.829,-403.567,49.2891
617.5,-319.911,-402.65,45.7713
618,-318.893,-401.632,42.2619
618.5,-317.774,-400.512,38.7619
619,-316.552,-399.29,35.2721
619.5,-315.226,-397.965,31.7934
620,-313.797,-396.535,28.3268
620.5,-312.263,-395.001,24.873
621,-310.623,-393.362,21.4332
621.5,-308.878,-391.617,18.008
622,-307.026,-389.765,14.5986
622.5,-305.068,-387.806,11.2058
623,-303.002,-385.74,7.8306
623.5,-300.828,-383.567,4.47386
624,-298.546,-381.285,1.13657
624.5,-296.156,-378.895,-2.18034
625,-293.658,-376.396,-5.47592
625.5,-291.05,-373.789,-8.74922
626,-288.335,-371.073,-11.9993
626.5,-285.51,-368.248,-15.2252
627,-282.576,-365.315,-18.426
627.5,-279.534,-362.273,-21.6007
628,-276.384,-359.123,-24.7483
628.5,-273.125,-355.864,-27.8681
629,-269.759,-352.497,-30.9589
629.5,-266.285,-349.023,-34.0198
630,-262.703,-345.442,-37.05
630.5,-259.016,-341.754,-40.0485
631,-255.222,-337.96,-43.0143
631.5,-251.323,-334.061,-45.9465
632,-247.319,-330.057,-48.8443
632.5,-243.211,-325.95,-51.7067
633,-239,-321.739,-54.5327
633.5,-234.687,-317.426,-57.3216
634,-230.273,-313.012,-60.0724
634.5,-225.759,-308.498,-62.7843
635,-221.146,-303.885,-65.4563
635.5,-216.435,-299.174,-68.0876
636,-211.628,-294.367,-70.6774
636.5,-206.726,-289.464,-73.2249
637,-201.73,-284.468,-75.7291
637.5,-196.641,-279.38,-78.1894
638,-191.462,-274.201,-80.6048
638.5,-186.195,-268.933,-82.9747
639,-180.839,-263.578,-85.2982
639.5,-175.399,-258.137,-87.5746
640,-169.875,-252.613,-89.8032
640.5,-164.269,-247.007,-91.9832
641,-158.583,-241.321,-94.114
641.5,-152.819,-235.558,-96.1947
642,-146.98,-229.719,-98.2249
642.5,-141.068,-223.807,-100.204
643,-135.084,-217.823,-102.131
643.5,-129.032,-211.771,-104.005
644,-122.913,-205.652,-105.827
644.5,-116.731,-199.469,-107.594
645,-110.486,-193.225,-109.308
645.5,-104.183,-186.922,-110.966
646,-97.8241,-180.563,-112.57
646.5,-91.4113,-174.15,-114.118
647,-84.9477,-167.686,-115.609
647.5,-78.4361,-161.175,-117.044
648,-71.8793,-154.618,-118.422
648.5,-65.2804,-148.019,-119.742
649,-58.6422,-141.381,-121.005
649.5,-51.9678,-134.706,-122.21
650,-45.2602,-127.999,-123.356
650.5,-38.5227,-121.261,-124.444
651,-31.7582,-114.497,-125.472
651.5,-24.9701,-107.709,-126.442
652,-18.1615,-100.9,-127.352
652.5,-11.3358,-94.0744,-128.203
653,-4.49634,-87.2349,-128.994
653.5,2.35361,-80.385,-129.725
654,9.21062,-73.528,-130.397
654.5,16.0713,-66.6673,-131.009
655,22.9321,-59.8065,-131.561
655.5,29.7896,-52.949,-132.053
656,36.6403,-46.0983,-132.485
656.5,43.4807,-39.2579,-132.857
657,50.3072,-32.4314,-133.17
657.5,57.1162,-25.6224,-133.423
658,63.9041,-18.8344,-133.617
658.5,70.6675,-12.0711,-133.752
659,77.4025,-5.33603,-133.828
659.5,84.1057,1.36717,-133.845
660,90.7734,8.03487,-133.804
660.5,97.402,14.6634,-133.705
661,103.988,21.2493,-133.549
661.5,110.527,27.7887,-133.335
662,117.017,34.2781,-133.064
662.5,123.453,40.714,-132.737
663,129.831,47.0925,-132.353
663.5,136.149,53.4103,-131.915
664,142.402,59.6636,-131.422
664.5,148.588,65.849,-130.874
665,154.701,71.9628,-130.273
665.5,160.74,78.0016,-129.618
666,166.7,83.9618,-128.912
666.5,172.579,89.84,-128.153
667,178.371,95.6328,-127.344
667.5,184.075,101.337,-126.484
668,189.687,106.948,-125.576
668.5,195.203,112.464,-124.618
669,200.62,117.881,-123.613
669.5,205.935,123.196,-122.561
670,211.145,128.406,-121.463
670.5,216.246,133.507,-120.321
671,221.235,138.497,-119.134
671.5,226.11,143.371,-117.904
672,230.867,148.128,-116.632
672.5,235.503,152.765,-115.319
673,240.016,157.278,-113.966
673.5,244.403,161.664,-112.575
674,248.66,165.922,-111.145
674.5,252.786,170.047,-109.679
675,256.777,174.038,-108.178
675.5,260.631,177.892,-106.642
676,264.345,181.607,-105.074
676.5,267.918,185.179,-103.473
677,271.346,188.608,-101.842
677.5,274.628,191.89,-100.182
678,277.761,195.023,-98.494
678.5,280.744,198.005,-96.7791
679,283.573,200.834,-95.0388
679.5,286.248,203.509,-93.2746
680,288.766,206.027,-91.4876
680.5,291.126,208.387,-89.6794
681,293.325,210.587,-87.8513
681.5,295.364,212.625,-86.0047
682,297.239,214.5,-84.141
682.5,298.949,216.211,-82.2617
683,300.494,217.756,-80.3681
683.5,301.872,219.134,-78.4618
684,303.082,220.344,-76.5442
684.5,304.123,221.385,-74.6168
685,304.994,222.256,-72.6811
685.5,305.695,222.956,-70.7385
686,306.224,223.485,-68.7905
686.5,306.581,223.842,-66.8387
687,306.765,224.027,-64.8845
687.5,306.777,224.038,-62.9294
688,306.616,223.877,-60.975
688.5,306.281,223.542,-59.0228
689,305.773,223.034,-57.0742
689.5,305.091,222.353,-55.1309
690,304.236,221.498,-53.1942
690.5,303.209,220.47,-51.2658
691,302.008,219.27,-49.347
691.5,300.636,217.897,-47.4395
692,299.092,216.353,-45.5448
692.5,297.377,214.638,-43.6642
693,295.492,212.753,-41.7994
693.5,293.437,210.699,-39.9517
694,291.215,208.476,-38.1227
694.5,288.825,206.086,-36.3138
695,286.269,203.531,-34.5265
695.5,283.549,200.81,-32.7623
696,280.665,197.926,-31.0225
696.5,277.619,194.88,-29.3085
697,274.413,191.675,-27.6219
697.5,271.049,188.31,-25.9639
698,267.528,184.789,-24.3359
698.5,263.852,181.113,-22.7394
699,260.023,177.285,-21.1755
699.5,256.044,173.305,-19.6458
700,251.916,169.177,-18.1514
700.5,247.642,164.903,-16.6937
701,243.224,160.485,-15.274
701.5,238.664,155.926,-13.8934
702,233.966,151.227,-12.5532
702.5,229.131,146.393,-11.2546
703,224.163,141.425,-9.99871
703.5,219.065,136.326,-8.78679
704,213.838,131.1,-7.61993
704.5,208.487,125.748,-6.49921
705,203.014,120.275,-5.42573
705.5,197.422,114.684,-4.40053
706,191.715,108.977,-3.42463
706.5,185.896,103.158,-2.49901
707,179.968,97.2296,-1.62466
707.5,173.935,91.1962,-0.802499
708,167.8,85.061,-0.0334316
708.5,161.566,78.8274,0.681666
709,155.238,72.4991,1.34195
709.5,148.818,66.0798,1.94662
710,142.312,59.5732,2.49488
710.5,135.722,52.983,2.986
711,129.052,46.3132,3.41926
711.5,122.306,39.5675,3.79399
712,115.489,32.75,4.10953
712.5,108.603,25.8647,4.36529
713,101.654,18.9155,4.56068
713.5,94.6452,11.9066,4.69516
714,87.5806,4.842,4.76824
714.5,80.4645,-2.27411,4.77945
715,73.301,-9.43756,4.72835
715.5,66.0945,-16.6441,4.61454
716,58.849,-23.8896,4.43768
716.5,51.5689,-31.1697,4.19744
717,44.2584,-38.4802,3.89354
717.5,36.9219,-45.8167,3.52572
718,29.5636,-53.1749,3.09379
718.5,22.188,-60.5506,2.59757
719,14.7992,-67.9393,2.03692
719.5,7.4018,-75.3368,1.41176
720,-0,-82.7386,0.72203
