alpha_deg,P,V
0,90000,0.000102816
0.5,90000,0.000102845
1,90000,0.000102934
1.5,90000,0.000103081
2,90000,0.000103288
2.5,90000,0.000103554
3,90000,0.000103878
3.5,90000,0.000104262
4,90000,0.000104704
4.5,90000,0.000105205
5,90000,0.000105765
5.5,90000,0.000106383
6,90000,0.00010706
6.5,90000,0.000107796
7,90000,0.00010859
7.5,90000,0.000109442
8,90000,0.000110353
8.5,90000,0.000111321
9,90000,0.000112347
9.5,90000,0.000113432
10,90000,0.000114573
10.5,90000,0.000115773
11,90000,0.000117029
11.5,90000,0.000118343
12,90000,0.000119714
12.5,90000,0.000121142
13,90000,0.000122626
13.5,90000,0.000124167
14,90000,0.000125764
14.5,90000,0.000127417
15,90000,0.000129126
15.5,90000,0.000130891
16,90000,0.000132711
16.5,90000,0.000134586
17,90000,0.000136516
17.5,90000,0.0001385
18,90000,0.000140539
18.5,90000,0.000142632
19,90000,0.000144779
19.5,90000,0.00014698
20,90000,0.000149233
20.5,90000,0.00015154
21,90000,0.000153899
21.5,90000,0.000156311
22,90000,0.000158775
22.5,90000,0.00016129
23,90000,0.000163857
23.5,90000,0.000166475
24,90000,0.000169144
24.5,90000,0.000171863
25,90000,0.000174632
25.5,90000,0.000177451
26,90000,0.000180319
26.5,90000,0.000183236
27,90000,0.000186202
27.5,90000,0.000189216
28,90000,0.000192277
28.5,90000,0.000195386
29,90000,0.000198542
29.5,90000,0.000201745
30,90000,0.000204994
30.5,90000,0.000208288
31,90000,0.000211628
31.5,90000,0.000215013
32,90000,0.000218442
32.5,90000,0.000221915
33,90000,0.000225432
33.5,90000,0.000228991
34,90000,0.000232594
34.5,90000,0.000236238
35,90000,0.000239925
35.5,90000,0.000243653
36,90000,0.000247421
36.5,90000,0.00025123
37,90000,0.000255078
37.5,90000,0.000258966
38,90000,0.000262893
38.5,90000,0.000266858
39,90000,0.000270861
39.5,90000,0.000274901
40,90000,0.000278978
40.5,90000,0.000283091
41,90000,0.00028724
41.5,90000,0.000291425
42,90000,0.000295644
42.5,90000,0.000299897
43,90000,0.000304184
43.5,90000,0.000308504
44,90000,0.000312856
44.5,90000,0.000317241
45,90000,0.000321657
45.5,90000,0.000326104
46,90000,0.000330582
46.5,90000,0.000335089
47,90000,0.000339625
47.5,90000,0.000344191
48,90000,0.000348784
48.5,90000,0.000353405
49,90000,0.000358053
49.5,90000,0.000362727
50,90000,0.000367427
50.5,90000,0.000372153
51,90000,0.000376903
51.5,90000,0.000381678
52,90000,0.000386475
52.5,90000,0.000391296
53,90000,0.00039614
53.5,90000,0.000401005
54,90000,0.000405891
54.5,90000,0.000410798
55,90000,0.000415725
55.5,90000,0.000420671
56,90000,0.000425637
56.5,90000,0.00043062
57,90000,0.000435621
57.5,90000,0.00044064
58,90000,0.000445675
58.5,90000,0.000450726
59,90000,0.000455792
59.5,90000,0.000460873
60,90000,0.000465968
60.5,90000,0.000471076
61,90000,0.000476198
61.5,90000,0.000481332
62,90000,0.000486478
62.5,90000,0.000491635
63,90000,0.000496802
63.5,90000,0.00050198
64,90000,0.000507167
64.5,90000,0.000512363
65,90000,0.000517567
65.5,90000,0.000522779
66,90000,0.000527999
66.5,90000,0.000533224
67,90000,0.000538456
67.5,90000,0.000543693
68,90000,0.000548935
68.5,90000,0.000554182
69,90000,0.000559432
69.5,90000,0.000564685
70,90000,0.000569941
70.5,90000,0.000575199
71,90000,0.000580458
71.5,90000,0.000585719
72,90000,0.000590979
72.5,90000,0.00059624
73,90000,0.0006015
73.5,90000,0.000606759
74,90000,0.000612015
74.5,90000,0.00061727
75,90000,0.000622522
75.5,90000,0.00062777
76,90000,0.000633015
76.5,90000,0.000638255
77,90000,0.000643491
77.5,90000,0.000648721
78,90000,0.000653945
78.5,90000,0.000659162
79,90000,0.000664373
79.5,90000,0.000669576
80,90000,0.000674772
80.5,90000,0.000679959
81,90000,0.000685137
81.5,90000,0.000690306
82,90000,0.000695466
82.5,90000,0.000700614
83,90000,0.000705753
83.5,90000,0.00071088
84,90000,0.000715995
84.5,90000,0.000721099
85,90000,0.00072619
85.5,90000,0.000731268
86,90000,0.000736333
86.5,90000,0.000741384
87,90000,0.00074642
87.5,90000,0.000751443
88,90000,0.00075645
88.5,90000,0.000761441
89,90000,0.000766417
89.5,90000,0.000771377
90,90000,0.00077632
90.5,90000,0.000781247
91,90000,0.000786156
91.5,90000,0.000791047
92,90000,0.00079592
92.5,90000,0.000800775
93,90000,0.000805611
93.5,90000,0.000810428
94,90000,0.000815225
94.5,90000,0.000820003
95,90000,0.000824761
95.5,90000,0.000829498
96,90000,0.000834214
96.5,90000,0.00083891
97,90000,0.000843584
97.5,90000,0.000848236
98,90000,0.000852867
98.5,90000,0.000857475
99,90000,0.000862061
99.5,90000,0.000866624
100,90000,0.000871163
100.5,90000,0.00087568
101,90000,0.000880173
101.5,90000,0.000884642
102,90000,0.000889087
102.5,90000,0.000893508
103,90000,0.000897904
103.5,90000,0.000902276
104,90000,0.000906622
104.5,90000,0.000910944
105,90000,0.000915239
105.5,90000,0.00091951
106,90000,0.000923754
106.5,90000,0.000927972
107,90000,0.000932164
107.5,90000,0.00093633
108,90000,0.000940469
108.5,90000,0.000944582
109,90000,0.000948667
109.5,90000,0.000952725
110,90000,0.000956757
110.5,90000,0.00096076
111,90000,0.000964736
111.5,90000,0.000968685
112,90000,0.000972605
112.5,90000,0.000976498
113,90000,0.000980363
113.5,90000,0.000984199
114,90000,0.000988007
114.5,90000,0.000991786
115,90000,0.000995537
115.5,90000,0.00099926
116,90000,0.00100295
116.5,90000,0.00100662
117,90000,0.00101025
117.5,90000,0.00101386
118,90000,0.00101744
118.5,90000,0.00102099
119,90000,0.0010245
119.5,90000,0.00102799
120,90000,0.00103145
120.5,90000,0.00103488
121,90000,0.00103829
121.5,90000,0.00104166
122,90000,0.001045
122.5,90000,0.00104831
123,90000,0.00105159
123.5,90000,0.00105485
124,90000,0.00105807
124.5,90000,0.00106126
125,90000,0.00106442
125.5,90000,0.00106756
126,90000,0.00107066
126.5,90000,0.00107373
127,90000,0.00107678
127.5,90000,0.00107979
128,90000,0.00108277
128.5,90000,0.00108572
129,90000,0.00108865
129.5,90000,0.00109154
130,90000,0.0010944
130.5,90000,0.00109724
131,90000,0.00110004
131.5,90000,0.00110281
132,90000,0.00110555
132.5,90000,0.00110827
133,90000,0.00111095
133.5,90000,0.0011136
134,90000,0.00111622
134.5,90000,0.00111881
135,90000,0.00112138
135.5,90000,0.00112391
136,90000,0.00112641
136.5,90000,0.00112888
137,90000,0.00113133
137.5,90000,0.00113374
138,90000,0.00113612
138.5,90000,0.00113847
139,90000,0.0011408
139.5,90000,0.00114309
140,90000,0.00114535
140.5,90000,0.00114759
141,90000,0.00114979
141.5,90000,0.00115197
142,90000,0.00115411
142.5,90000,0.00115623
143,90000,0.00115831
143.5,90000,0.00116037
144,90000,0.0011624
144.5,90000,0.0011644
145,90000,0.00116636
145.5,90000,0.0011683
146,90000,0.00117021
146.5,90000,0.00117209
147,90000,0.00117395
147.5,90000,0.00117577
148,90000,0.00117756
148.5,90000,0.00117933
149,90000,0.00118106
149.5,90000,0.00118277
150,90000,0.00118445
150.5,90000,0.00118609
151,90000,0.00118771
151.5,90000,0.00118931
152,90000,0.00119087
152.5,90000,0.0011924
153,90000,0.00119391
153.5,90000,0.00119538
154,90000,0.00119683
154.5,90000,0.00119825
155,90000,0.00119964
155.5,90000,0.00120101
156,90000,0.00120234
156.5,90000,0.00120365
157,90000,0.00120492
157.5,90000,0.00120617
158,90000,0.0012074
158.5,90000,0.00120859
159,90000,0.00120975
159.5,90000,0.00121089
160,90000,0.001212
160.5,90000,0.00121308
161,90000,0.00121414
161.5,90000,0.00121516
162,90000,0.00121616
162.5,90000,0.00121713
163,90000,0.00121807
163.5,90000,0.00121899
164,90000,0.00121987
164.5,90000,0.00122073
165,90000,0.00122156
165.5,90000,0.00122237
166,90000,0.00122314
166.5,90000,0.00122389
167,90000,0.00122461
167.5,90000,0.00122531
168,90000,0.00122597
168.5,90000,0.00122661
169,90000,0.00122722
169.5,90000,0.00122781
170,90000,0.00122836
170.5,90000,0.00122889
171,90000,0.0012294
171.5,90000,0.00122987
172,90000,0.00123032
172.5,90000,0.00123074
173,90000,0.00123113
173.5,90000,0.0012315
174,90000,0.00123184
174.5,90000,0.00123215
175,90000,0.00123243
175.5,90000,0.00123269
176,90000,0.00123292
176.5,90000,0.00123313
177,90000,0.0012333
177.5,90000,0.00123345
178,90000,0.00123357
178.5,90000,0.00123367
179,90000,0.00123373
179.5,90000,0.00123378
180,90000,0.00123379
180.5,90001.4,0.00123378
181,90005.5,0.00123373
181.5,90012.3,0.00123367
182,90021.8,0.00123357
182.5,90034.1,0.00123345
183,90049.1,0.0012333
183.5,90066.8,0.00123313
184,90087.3,0.00123292
184.5,90110.6,0.00123269
185,90136.5,0.00123243
185.5,90165.3,0.00123215
186,90196.8,0.00123184
186.5,90231,0.0012315
187,90268.1,0.00123113
187.5,90307.9,0.00123074
188,90350.5,0.00123032
188.5,90395.9,0.00122987
189,90444.1,0.0012294
189.5,90495.1,0.00122889
190,90548.9,0.00122836
190.5,90605.6,0.00122781
191,90665.1,0.00122722
191.5,90727.5,0.00122661
192,90792.8,0.00122597
192.5,90860.9,0.00122531
193,90932,0.00122461
193.5,91005.9,0.00122389
194,91082.8,0.00122314
194.5,91162.7,0.00122237
195,91245.5,0.00122156
195.5,91331.2,0.00122073
196,91420,0.00121987
196.5,91511.8,0.00121899
197,91606.6,0.00121807
197.5,91704.5,0.00121713
198,91805.4,0.00121616
198.5,91909.5,0.00121516
199,92016.6,0.00121414
199.5,92126.9,0.00121308
200,92240.4,0.001212
200.5,92357,0.00121089
201,92476.9,0.00120975
201.5,92599.9,0.00120859
202,92726.3,0.0012074
202.5,92855.9,0.00120617
203,92988.8,0.00120492
203.5,93125.1,0.00120365
204,93264.7,0.00120234
204.5,93407.8,0.00120101
205,93554.3,0.00119964
205.5,93704.2,0.00119825
206,93857.6,0.00119683
206.5,94014.5,0.00119538
207,94175.1,0.00119391
207.5,94339.1,0.0011924
208,94506.9,0.00119087
208.5,94678.3,0.00118931
209,94853.3,0.00118771
209.5,95032.2,0.00118609
210,95214.8,0.00118445
210.5,95401.2,0.00118277
211,95591.5,0.00118106
211.5,95785.6,0.00117933
212,95983.7,0.00117756
212.5,96185.8,0.00117577
213,96392,0.00117395
213.5,96602.2,0.00117209
214,96816.5,0.00117021
214.5,97035,0.0011683
215,97257.7,0.00116636
215.5,97484.7,0.0011644
216,97716,0.0011624
216.5,97951.6,0.00116037
217,98191.7,0.00115831
217.5,98436.3,0.00115623
218,98685.4,0.00115411
218.5,98939.1,0.00115197
219,99197.4,0.00114979
219.5,99460.4,0.00114759
220,99728.3,0.00114535
220.5,100001,0.00114309
221,100278,0.0011408
221.5,100561,0.00113847
222,100848,0.00113612
222.5,101141,0.00113374
223,101439,0.00113133
223.5,101742,0.00112888
224,102050,0.00112641
224.5,102364,0.00112391
225,102683,0.00112138
225.5,103008,0.00111881
226,103338,0.00111622
226.5,103674,0.0011136
227,104015,0.00111095
227.5,104363,0.00110827
228,104717,0.00110555
228.5,105076,0.00110281
229,105442,0.00110004
229.5,105814,0.00109724
230,106192,0.0010944
230.5,106576,0.00109154
231,106967,0.00108865
231.5,107365,0.00108572
232,107769,0.00108277
232.5,108180,0.00107979
233,108598,0.00107678
233.5,109023,0.00107373
234,109455,0.00107066
234.5,109894,0.00106756
235,110341,0.00106442
235.5,110795,0.00106126
236,111257,0.00105807
236.5,111726,0.00105485
237,112203,0.00105159
237.5,112688,0.00104831
238,113181,0.001045
238.5,113683,0.00104166
239,114192,0.00103829
239.5,114711,0.00103488
240,115238,0.00103145
240.5,115773,0.00102799
241,116318,0.0010245
241.5,116871,0.00102099
242,117434,0.00101744
242.5,118006,0.00101386
243,118588,0.00101025
243.5,119180,0.00100662
244,119781,0.00100295
244.5,120392,0.00099926
245,121014,0.000995537
245.5,121646,0.000991786
246,122289,0.000988007
246.5,122942,0.000984199
247,123606,0.000980363
247.5,124282,0.000976498
248,124969,0.000972605
248.5,125668,0.000968685
249,126378,0.000964736
249.5,127100,0.00096076
250,127835,0.000956757
250.5,128582,0.000952725
251,129341,0.000948667
251.5,130114,0.000944582
252,130900,0.000940469
252.5,131699,0.00093633
253,132512,0.000932164
253.5,133339,0.000927972
254,134180,0.000923754
254.5,135035,0.00091951
255,135906,0.000915239
255.5,136791,0.000910944
256,137691,0.000906622
256.5,138608,0.000902276
257,139540,0.000897904
257.5,140488,0.000893508
258,141453,0.000889087
258.5,142435,0.000884642
259,143434,0.000880173
259.5,144450,0.00087568
260,145485,0.000871163
260.5,146538,0.000866624
261,147609,0.000862061
261.5,148699,0.000857475
262,149809,0.000852867
262.5,150939,0.000848236
263,152089,0.000843584
263.5,153260,0.00083891
264,154451,0.000834214
264.5,155665,0.000829498
265,156900,0.000824761
265.5,158157,0.000820003
266,159438,0.000815225
266.5,160742,0.000810428
267,162070,0.000805611
267.5,163422,0.000800775
268,164799,0.00079592
268.5,166202,0.000791047
269,167631,0.000786156
269.5,169086,0.000781247
270,170568,0.00077632
270.5,172079,0.000771377
271,173617,0.000766417
271.5,175185,0.000761441
272,176782,0.00075645
272.5,178410,0.000751443
273,180069,0.00074642
273.5,181759,0.000741384
274,183482,0.000736333
274.5,185238,0.000731268
275,187028,0.00072619
275.5,188852,0.000721099
276,190712,0.000715995
276.5,192609,0.00071088
277,194542,0.000705753
277.5,196514,0.000700614
278,198525,0.000695466
278.5,200575,0.000690306
279,202666,0.000685137
279.5,204799,0.000679959
280,206975,0.000674772
280.5,209195,0.000669576
281,211459,0.000664373
281.5,213769,0.000659162
282,216127,0.000653945
282.5,218532,0.000648721
283,220987,0.000643491
283.5,223492,0.000638255
284,226050,0.000633015
284.5,228660,0.00062777
285,231324,0.000622522
285.5,234045,0.00061727
286,236822,0.000612015
286.5,239659,0.000606759
287,242555,0.0006015
287.5,245513,0.00059624
288,248534,0.000590979
288.5,251619,0.000585719
289,254772,0.000580458
289.5,257992,0.000575199
290,261282,0.000569941
290.5,264644,0.000564685
291,268080,0.000559432
291.5,271591,0.000554182
292,275179,0.000548935
292.5,278847,0.000543693
293,282597,0.000538456
293.5,286430,0.000533224
294,290350,0.000527999
294.5,294358,0.000522779
295,298456,0.000517567
295.5,302648,0.000512363
296,306935,0.000507167
296.5,311321,0.00050198
297,315807,0.000496802
297.5,320397,0.000491635
298,325094,0.000486478
298.5,329899,0.000481332
299,334818,0.000476198
299.5,339852,0.000471076
300,345004,0.000465968
300.5,350278,0.000460873
301,355678,0.000455792
301.5,361207,0.000450726
302,366868,0.000445675
302.5,372666,0.00044064
303,378603,0.000435621
303.5,384685,0.00043062
304,390914,0.000425637
304.5,397296,0.000420671
305,403834,0.000415725
305.5,410533,0.000410798
306,417398,0.000405891
306.5,424433,0.000401005
307,431643,0.00039614
307.5,439033,0.000391296
308,446608,0.000386475
308.5,454374,0.000381678
309,462336,0.000376903
309.5,470500,0.000372153
310,478871,0.000367427
310.5,487455,0.000362727
311,496259,0.000358053
311.5,505288,0.000353405
312,514549,0.000348784
312.5,524050,0.000344191
313,533795,0.000339625
313.5,543794,0.000335089
314,554052,0.000330582
314.5,564577,0.000326104
315,575377,0.000321657
315.5,586459,0.000317241
316,597831,0.000312856
316.5,609502,0.000308504
317,621480,0.000304184
317.5,633773,0.000299897
318,646389,0.000295644
318.5,659339,0.000291425
319,672630,0.00028724
319.5,686272,0.000283091
320,700275,0.000278978
320.5,714647,0.000274901
321,729399,0.000270861
321.5,744541,0.000266858
322,760081,0.000262893
322.5,776032,0.000258966
323,792402,0.000255078
323.5,809202,0.00025123
324,826442,0.000247421
324.5,844133,0.000243653
325,862286,0.000239925
325.5,880909,0.000236238
326,900015,0.000232594
326.5,919612,0.000228991
327,939712,0.000225432
327.5,960324,0.000221915
328,981459,0.000218442
328.5,1.00312e+06,0.000215013
329,1.02533e+06,0.000211628
329.5,1.04809e+06,0.000208288
330,1.0714e+06,0.000204994
330.5,1.09529e+06,0.000201745
331,1.11974e+06,0.000198542
331.5,1.14478e+06,0.000195386
332,1.1704e+06,0.000192277
332.5,1.19661e+06,0.000189216
333,1.22342e+06,0.000186202
333.5,1.25083e+06,0.000183236
334,1.27884e+06,0.000180319
334.5,1.30745e+06,0.000177451
335,1.33667e+06,0.000174632
335.5,1.36648e+06,0.000171863
336,1.39688e+06,0.000169144
336.5,1.42788e+06,0.000166475
337,1.45946e+06,0.000163857
337.5,1.49161e+06,0.00016129
338,1.52432e+06,0.000158775
338.5,1.55758e+06,0.000156311
339,1.59136e+06,0.000153899
339.5,1.62565e+06,0.00015154
340,1.66043e+06,0.000149233
340.5,1.69567e+06,0.00014698
341,1.73133e+06,0.000144779
341.5,1.7674e+06,0.000142632
342,1.80383e+06,0.000140539
342.5,1.84057e+06,0.0001385
343,1.8776e+06,0.000136516
343.5,1.91486e+06,0.000134586
344,1.95229e+06,0.000132711
344.5,1.98985e+06,0.000130891
345,2.02747e+06,0.000129126
345.5,2.06509e+06,0.000127417
346,2.10265e+06,0.000125764
346.5,2.14006e+06,0.000124167
347,2.17726e+06,0.000122626
347.5,2.21416e+06,0.000121142
348,2.25068e+06,0.000119714
348.5,2.28674e+06,0.000118343
349,2.32224e+06,0.000117029
349.5,2.3571e+06,0.000115773
350,2.39122e+06,0.000114573
350.5,2.4245e+06,0.000113432
351,2.45685e+06,0.000112347
351.5,2.48816e+06,0.000111321
352,2.51835e+06,0.000110353
352.5,2.5473e+06,0.000109442
353,2.57493e+06,0.00010859
353.5,2.60114e+06,0.000107796
354,2.62583e+06,0.00010706
354.5,2.64892e+06,0.000106383
355,2.67032e+06,0.000105765
355.5,2.68995e+06,0.000105205
356,2.70774e+06,0.000104704
356.5,2.7236e+06,0.000104262
357,2.73748e+06,0.000103878
357.5,2.74933e+06,0.000103554
358,2.75909e+06,0.000103288
358.5,2.76672e+06,0.000103081
359,2.7722e+06,0.000102934
359.5,2.7755e+06,0.000102845
360,5.55319e+06,0.000102816
360.5,5.55319e+06,0.000102845
361,5.55319e+06,0.000102934
361.5,5.55319e+06,0.000103081
362,5.55319e+06,0.000103288
362.5,5.55319e+06,0.000103554
363,5.55319e+06,0.000103878
363.5,5.55319e+06,0.000104262
364,5.55319e+06,0.000104704
364.5,5.55319e+06,0.000105205
365,5.55319e+06,0.000105765
365.5,5.55319e+06,0.000106383
366,5.55319e+06,0.00010706
366.5,5.55319e+06,0.000107796
367,5.55319e+06,0.00010859
367.5,5.55319e+06,0.000109442
368,5.55319e+06,0.000110353
368.5,5.55319e+06,0.000111321
369,5.55319e+06,0.000112347
369.5,5.55319e+06,0.000113432
370,5.55319e+06,0.000114573
370.5,5.55319e+06,0.000115773
371,5.55319e+06,0.000117029
371.5,5.55319e+06,0.000118343
372,5.55319e+06,0.000119714
372.5,5.55319e+06,0.000121142
373,5.55319e+06,0.000122626
373.5,5.55319e+06,0.000124167
374,5.55319e+06,0.000125764
374.5,5.55319e+06,0.000127417
375,5.55319e+06,0.000129126
375.5,5.55319e+06,0.000130891
376,5.55319e+06,0.000132711
376.5,5.55319e+06,0.000134586
377,5.55319e+06,0.000136516
377.5,5.55319e+06,0.0001385
378,5.46953e+06,0.000140539
378.5,5.37176e+06,0.000142632
379,5.27474e+06,0.000144779
379.5,5.17856e+06,0.00014698
380,5.08331e+06,0.000149233
380.5,4.98907e+06,0.00015154
381,4.89591e+06,0.000153899
381.5,4.80391e+06,0.000156311
382,4.71312e+06,0.000158775
382.5,4.6236e+06,0.00016129
383,4.53539e+06,0.000163857
383.5,4.44852e+06,0.000166475
384,4.36304e+06,0.000169144
384.5,4.27897e+06,0.000171863
385,4.19634e+06,0.000174632
385.5,4.11516e+06,0.000177451
386,4.03544e+06,0.000180319
386.5,3.9572e+06,0.000183236
387,3.88045e+06,0.000186202
387.5,3.80517e+06,0.000189216
388,3.73138e+06,0.000192277
388.5,3.65908e+06,0.000195386
389,3.58824e+06,0.000198542
389.5,3.51887e+06,0.000201745
390,3.45096e+06,0.000204994
390.5,3.38448e+06,0.000208288
391,3.31943e+06,0.000211628
391.5,3.25579e+06,0.000215013
392,3.19355e+06,0.000218442
392.5,3.13268e+06,0.000221915
393,3.07316e+06,0.000225432
393.5,3.01497e+06,0.000228991
394,2.9581e+06,0.000232594
394.5,2.90252e+06,0.000236238
395,2.8482e+06,0.000239925
395.5,2.79513e+06,0.000243653
396,2.74328e+06,0.000247421
396.5,2.69263e+06,0.00025123
397,2.64314e+06,0.000255078
397.5,2.59481e+06,0.000258966
398,2.54761e+06,0.000262893
398.5,2.5015e+06,0.000266858
399,2.45647e+06,0.000270861
399.5,2.4125e+06,0.000274901
400,2.36956e+06,0.000278978
400.5,2.32762e+06,0.000283091
401,2.28667e+06,0.00028724
401.5,2.24668e+06,0.000291425
402,2.20762e+06,0.000295644
402.5,2.16948e+06,0.000299897
403,2.13224e+06,0.000304184
403.5,2.09587e+06,0.000308504
404,2.06035e+06,0.000312856
404.5,2.02566e+06,0.000317241
405,1.99179e+06,0.000321657
405.5,1.9587e+06,0.000326104
406,1.92638e+06,0.000330582
406.5,1.89482e+06,0.000335089
407,1.86399e+06,0.000339625
407.5,1.83387e+06,0.000344191
408,1.80445e+06,0.000348784
408.5,1.7757e+06,0.000353405
409,1.74762e+06,0.000358053
409.5,1.72018e+06,0.000362727
410,1.69338e+06,0.000367427
410.5,1.66718e+06,0.000372153
411,1.64158e+06,0.000376903
411.5,1.61656e+06,0.000381678
412,1.59211e+06,0.000386475
412.5,1.56822e+06,0.000391296
413,1.54486e+06,0.00039614
413.5,1.52202e+06,0.000401005
414,1.4997e+06,0.000405891
414.5,1.47787e+06,0.000410798
415,1.45653e+06,0.000415725
415.5,1.43566e+06,0.000420671
416,1.41526e+06,0.000425637
416.5,1.3953e+06,0.00043062
417,1.37578e+06,0.000435621
417.5,1.35669e+06,0.00044064
418,1.33801e+06,0.000445675
418.5,1.31974e+06,0.000450726
419,1.30187e+06,0.000455792
419.5,1.28438e+06,0.000460873
420,1.26727e+06,0.000465968
420.5,1.25052e+06,0.000471076
421,1.23413e+06,0.000476198
421.5,1.21809e+06,0.000481332
422,1.20239e+06,0.000486478
422.5,1.18702e+06,0.000491635
423,1.17198e+06,0.000496802
423.5,1.15725e+06,0.00050198
424,1.14282e+06,0.000507167
424.5,1.1287e+06,0.000512363
425,1.11487e+06,0.000517567
425.5,1.10132e+06,0.000522779
426,1.08805e+06,0.000527999
426.5,1.07506e+06,0.000533224
427,1.06233e+06,0.000538456
427.5,1.04986e+06,0.000543693
428,1.03764e+06,0.000548935
428.5,1.02567e+06,0.000554182
429,1.01394e+06,0.000559432
429.5,1.00244e+06,0.000564685
430,991175,0.000569941
430.5,980132,0.000575199
431,969309,0.000580458
431.5,958699,0.000585719
432,948297,0.000590979
432.5,938100,0.00059624
433,928101,0.0006015
433.5,918297,0.000606759
434,908683,0.000612015
434.5,899255,0.00061727
435,890008,0.000622522
435.5,880938,0.00062777
436,872042,0.000633015
436.5,863315,0.000638255
437,854754,0.000643491
437.5,846354,0.000648721
438,838113,0.000653945
438.5,830026,0.000659162
439,822091,0.000664373
439.5,814304,0.000669576
440,806661,0.000674772
440.5,799160,0.000679959
441,791797,0.000685137
441.5,784570,0.000690306
442,777475,0.000695466
442.5,770510,0.000700614
443,763671,0.000705753
443.5,756957,0.00071088
444,750364,0.000715995
444.5,743890,0.000721099
445,737533,0.00072619
445.5,731289,0.000731268
446,725157,0.000736333
446.5,719135,0.000741384
447,713219,0.00074642
447.5,707408,0.000751443
448,701699,0.00075645
448.5,696091,0.000761441
449,690581,0.000766417
449.5,685168,0.000771377
450,679849,0.00077632
450.5,674623,0.000781247
451,669487,0.000786156
451.5,664440,0.000791047
452,659480,0.00079592
452.5,654606,0.000800775
453,649815,0.000805611
453.5,645106,0.000810428
454,640478,0.000815225
454.5,635928,0.000820003
455,631455,0.000824761
455.5,627058,0.000829498
456,622736,0.000834214
456.5,618486,0.00083891
457,614308,0.000843584
457.5,610200,0.000848236
458,606161,0.000852867
458.5,602189,0.000857475
459,598283,0.000862061
459.5,594442,0.000866624
460,590665,0.000871163
460.5,586950,0.00087568
461,583297,0.000880173
461.5,579704,0.000884642
462,576170,0.000889087
462.5,572694,0.000893508
463,569275,0.000897904
463.5,565912,0.000902276
464,562604,0.000906622
464.5,559349,0.000910944
465,556148,0.000915239
465.5,552999,0.00091951
466,549900,0.000923754
466.5,546852,0.000927972
467,543853,0.000932164
467.5,540903,0.00093633
468,538000,0.000940469
468.5,535144,0.000944582
469,532333,0.000948667
469.5,529568,0.000952725
470,526847,0.000956757
470.5,524170,0.00096076
471,521536,0.000964736
471.5,518943,0.000968685
472,516392,0.000972605
472.5,513882,0.000976498
473,511412,0.000980363
473.5,508981,0.000984199
474,506589,0.000988007
474.5,504234,0.000991786
475,501918,0.000995537
475.5,499638,0.00099926
476,497394,0.00100295
476.5,495185,0.00100662
477,493012,0.00101025
477.5,490873,0.00101386
478,488769,0.00101744
478.5,486697,0.00102099
479,484658,0.0010245
479.5,482652,0.00102799
480,480677,0.00103145
480.5,478734,0.00103488
481,476822,0.00103829
481.5,474939,0.00104166
482,473087,0.001045
482.5,471264,0.00104831
483,469470,0.00105159
483.5,467705,0.00105485
484,465968,0.00105807
484.5,464258,0.00106126
485,462575,0.00106442
485.5,460920,0.00106756
486,459291,0.00107066
486.5,457687,0.00107373
487,456110,0.00107678
487.5,454558,0.00107979
488,453030,0.00108277
488.5,451528,0.00108572
489,450049,0.00108865
489.5,448595,0.00109154
490,447163,0.0010944
490.5,445756,0.00109724
491,444370,0.00110004
491.5,443008,0.00110281
492,441668,0.00110555
492.5,440349,0.00110827
493,439053,0.00111095
493.5,437777,0.0011136
494,436523,0.00111622
494.5,435289,0.00111881
495,434076,0.00112138
495.5,432883,0.00112391
496,431711,0.00112641
496.5,430557,0.00112888
497,429424,0.00113133
497.5,428309,0.00113374
498,427213,0.00113612
498.5,426136,0.00113847
499,425078,0.0011408
499.5,424038,0.00114309
500,423015,0.00114535
500.5,422011,0.00114759
501,421024,0.00114979
501.5,420055,0.00115197
502,419102,0.00115411
502.5,418167,0.00115623
503,417248,0.00115831
503.5,416346,0.00116037
504,415461,0.0011624
504.5,414591,0.0011644
505,413738,0.00116636
505.5,412900,0.0011683
506,412078,0.00117021
506.5,411271,0.00117209
507,410480,0.00117395
507.5,409704,0.00117577
508,408943,0.00117756
508.5,408197,0.00117933
509,407465,0.00118106
509.5,406748,0.00118277
510,406045,0.00118445
510.5,405357,0.00118609
511,404682,0.00118771
511.5,404022,0.00118931
512,403375,0.00119087
512.5,402742,0.0011924
513,402123,0.00119391
513.5,401517,0.00119538
514,400924,0.00119683
514.5,400345,0.00119825
515,399779,0.00119964
515.5,399225,0.00120101
516,398685,0.00120234
516.5,398157,0.00120365
517,397642,0.00120492
517.5,397139,0.00120617
518,396649,0.0012074
518.5,396171,0.00120859
519,395706,0.00120975
519.5,395252,0.00121089
520,394811,0.001212
520.5,394382,0.00121308
521,393964,0.00121414
521.5,393559,0.00121516
522,393165,0.00121616
522.5,392782,0.00121713
523,392412,0.00121807
523.5,392053,0.00121899
524,391705,0.00121987
524.5,391369,0.00122073
525,391044,0.00122156
525.5,390730,0.00122237
526,390428,0.00122314
526.5,390136,0.00122389
527,389856,0.00122461
527.5,389587,0.00122531
528,389328,0.00122597
528.5,389081,0.00122661
529,388844,0.00122722
529.5,388619,0.00122781
530,388404,0.00122836
530.5,388199,0.00122889
531,388006,0.0012294
531.5,387823,0.00122987
532,387651,0.00123032
532.5,387489,0.00123074
533,387338,0.00123113
533.5,387198,0.0012315
534,387068,0.00123184
534.5,386948,0.00123215
535,386839,0.00123243
535.5,386741,0.00123269
536,386653,0.00123292
536.5,386575,0.00123313
537,386508,0.0012333
537.5,386451,0.00123345
538,386404,0.00123357
538.5,386368,0.00123367
539,386342,0.00123373
539.5,386327,0.00123378
540,110000,0.00123379
540.5,110000,0.00123378
541,110000,0.00123373
541.5,110000,0.00123367
542,110000,0.00123357
542.5,110000,0.00123345
543,110000,0.0012333
543.5,110000,0.00123313
544,110000,0.00123292
544.5,110000,0.00123269
545,110000,0.00123243
545.5,110000,0.00123215
546,110000,0.00123184
546.5,110000,0.0012315
547,110000,0.00123113
547.5,110000,0.00123074
548,110000,0.00123032
548.5,110000,0.00122987
549,110000,0.0012294
549.5,110000,0.00122889
550,110000,0.00122836
550.5,110000,0.00122781
551,110000,0.00122722
551.5,110000,0.00122661
552,110000,0.00122597
552.5,110000,0.00122531
553,110000,0.00122461
553.5,110000,0.00122389
554,110000,0.00122314
554.5,110000,0.00122237
555,110000,0.00122156
555.5,110000,0.00122073
556,110000,0.00121987
556.5,110000,0.00121899
557,110000,0.00121807
557.5,110000,0.00121713
558,110000,0.00121616
558.5,110000,0.00121516
559,110000,0.00121414
559.5,110000,0.00121308
560,110000,0.001212
560.5,110000,0.00121089
561,110000,0.00120975
561.5,110000,0.00120859
562,110000,0.0012074
562.5,110000,0.00120617
563,110000,0.00120492
563.5,110000,0.00120365
564,110000,0.00120234
564.5,110000,0.00120101
565,110000,0.00119964
565.5,110000,0.00119825
566,110000,0.00119683
566.5,110000,0.00119538
567,110000,0.00119391
567.5,110000,0.0011924
568,110000,0.00119087
568.5,110000,0.00118931
569,110000,0.00118771
569.5,110000,0.00118609
570,110000,0.00118445
570.5,110000,0.00118277
571,110000,0.00118106
571.5,110000,0.00117933
572,110000,0.00117756
572.5,110000,0.00117577
573,110000,0.00117395
573.5,110000,0.00117209
574,110000,0.00117021
574.5,110000,0.0011683
575,110000,0.00116636
575.5,110000,0.0011644
576,110000,0.0011624
576.5,110000,0.00116037
577,110000,0.00115831
577.5,110000,0.00115623
578,110000,0.00115411
578.5,110000,0.00115197
579,110000,0.00114979
579.5,110000,0.00114759
580,110000,0.00114535
580.5,110000,0.00114309
581,110000,0.0011408
581.5,110000,0.00113847
582,110000,0.00113612
582.5,110000,0.00113374
583,110000,0.00113133
583.5,110000,0.00112888
584,110000,0.00112641
584.5,110000,0.00112391
585,110000,0.00112138
585.5,110000,0.00111881
586,110000,0.00111622
586.5,110000,0.0011136
587,110000,0.00111095
587.5,110000,0.00110827
588,110000,0.00110555
588.5,110000,0.00110281
589,110000,0.00110004
589.5,110000,0.00109724
590,110000,0.0010944
590.5,110000,0.00109154
591,110000,0.00108865
591.5,110000,0.00108572
592,110000,0.00108277
592.5,110000,0.00107979
593,110000,0.00107678
593.5,110000,0.00107373
594,110000,0.00107066
594.5,110000,0.00106756
595,110000,0.00106442
595.5,110000,0.00106126
596,110000,0.00105807
596.5,110000,0.00105485
597,110000,0.00105159
597.5,110000,0.00104831
598,110000,0.001045
598.5,110000,0.00104166
599,110000,0.00103829
599.5,110000,0.00103488
600,110000,0.00103145
600.5,110000,0.00102799
601,110000,0.0010245
601.5,110000,0.00102099
602,110000,0.00101744
602.5,110000,0.00101386
603,110000,0.00101025
603.5,110000,0.00100662
604,110000,0.00100295
604.5,110000,0.00099926
605,110000,0.000995537
605.5,110000,0.000991786
606,110000,0.000988007
606.5,110000,0.000984199
607,110000,0.000980363
607.5,110000,0.000976498
608,110000,0.000972605
608.5,110000,0.000968685
609,110000,0.000964736
609.5,110000,0.00096076
610,110000,0.000956757
610.5,110000,0.000952725
611,110000,0.000948667
611.5,110000,0.000944582
612,110000,0.000940469
612.5,110000,0.00093633
613,110000,0.000932164
613.5,110000,0.000927972
614,110000,0.000923754
614.5,110000,0.00091951
615,110000,0.000915239
615.5,110000,0.000910944
616,110000,0.000906622
616.5,110000,0.000902276
617,110000,0.000897904
617.5,110000,0.000893508
618,110000,0.000889087
618.5,110000,0.000884642
619,110000,0.000880173
619.5,110000,0.00087568
620,110000,0.000871163
620.5,110000,0.000866624
621,110000,0.000862061
621.5,110000,0.000857475
622,110000,0.000852867
622.5,110000,0.000848236
623,110000,0.000843584
623.5,110000,0.00083891
624,110000,0.000834214
624.5,110000,0.000829498
625,110000,0.000824761
625.5,110000,0.000820003
626,110000,0.000815225
626.5,110000,0.000810428
627,110000,0.000805611
627.5,110000,0.000800775
628,110000,0.00079592
628.5,110000,0.000791047
629,110000,0.000786156
629.5,110000,0.000781247
630,110000,0.00077632
630.5,110000,0.000771377
631,110000,0.000766417
631.5,110000,0.000761441
632,110000,0.00075645
632.5,110000,0.000751443
633,110000,0.00074642
633.5,110000,0.000741384
634,110000,0.000736333
634.5,110000,0.000731268
635,110000,0.00072619
635.5,110000,0.000721099
636,110000,0.000715995
636.5,110000,0.00071088
637,110000,0.000705753
637.5,110000,0.000700614
638,110000,0.000695466
638.5,110000,0.000690306
639,110000,0.000685137
639.5,110000,0.000679959
640,110000,0.000674772
640.5,110000,0.000669576
641,110000,0.000664373
641.5,110000,0.000659162
642,110000,0.000653945
642.5,110000,0.000648721
643,110000,0.000643491
643.5,110000,0.000638255
644,110000,0.000633015
644.5,110000,0.00062777
645,110000,0.000622522
645.5,110000,0.00061727
646,110000,0.000612015
646.5,110000,0.000606759
647,110000,0.0006015
647.5,110000,0.00059624
648,110000,0.000590979
648.5,110000,0.000585719
649,110000,0.000580458
649.5,110000,0.000575199
650,110000,0.000569941
650.5,110000,0.000564685
651,110000,0.000559432
651.5,110000,0.000554182
652,110000,0.000548935
652.5,110000,0.000543693
653,110000,0.000538456
653.5,110000,0.000533224
654,110000,0.000527999
654.5,110000,0.000522779
655,110000,0.000517567
655.5,110000,0.000512363
656,110000,0.000507167
656.5,110000,0.00050198
657,110000,0.000496802
657.5,110000,0.000491635
658,110000,0.000486478
658.5,110000,0.000481332
659,110000,0.000476198
659.5,110000,0.000471076
660,110000,0.000465968
660.5,110000,0.000460873
661,110000,0.000455792
661.5,110000,0.000450726
662,110000,0.000445675
662.5,110000,0.00044064
663,110000,0.000435621
663.5,110000,0.00043062
664,110000,0.000425637
664.5,110000,0.000420671
665,110000,0.000415725
665.5,110000,0.000410798
666,110000,0.000405891
666.5,110000,0.000401005
667,110000,0.00039614
667.5,110000,0.000391296
668,110000,0.000386475
668.5,110000,0.000381678
669,110000,0.000376903
669.5,110000,0.000372153
670,110000,0.000367427
670.5,110000,0.000362727
671,110000,0.000358053
671.5,110000,0.000353405
672,110000,0.000348784
672.5,110000,0.000344191
673,110000,0.000339625
673.5,110000,0.000335089
674,110000,0.000330582
674.5,110000,0.000326104
675,110000,0.000321657
675.5,110000,0.000317241
676,110000,0.000312856
676.5,110000,0.000308504
677,110000,0.000304184
677.5,110000,0.000299897
678,110000,0.000295644
678.5,110000,0.000291425
679,110000,0.00028724
679.5,110000,0.000283091
680,110000,0.000278978
680.5,110000,0.000274901
681,110000,0.000270861
681.5,110000,0.000266858
682,110000,0.000262893
682.5,110000,0.000258966
683,110000,0.000255078
683.5,110000,0.00025123
684,110000,0.000247421
684.5,110000,0.000243653
685,110000,0.000239925
685.5,110000,0.000236238
686,110000,0.000232594
686.5,110000,0.000228991
687,110000,0.000225432
687.5,110000,0.000221915
688,110000,0.000218442
688.5,110000,0.000215013
689,110000,0.000211628
689.5,110000,0.000208288
690,110000,0.000204994
690.5,110000,0.000201745
691,110000,0.000198542
691.5,110000,0.000195386
692,110000,0.000192277
692.5,110000,0.000189216
693,110000,0.000186202
693.5,110000,0.000183236
694,110000,0.000180319
694.5,110000,0.000177451
695,110000,0.000174632
695.5,110000,0.000171863
696,110000,0.000169144
696.5,110000,0.000166475
697,110000,0.000163857
697.5,110000,0.00016129
698,110000,0.000158775
698.5,110000,0.000156311
699,110000,0.000153899
699.5,110000,0.00015154
700,110000,0.000149233
700.5,110000,0.00014698
701,110000,0.000144779
701.5,110000,0.000142632
702,110000,0.000140539
702.5,110000,0.0001385
703,110000,0.000136516
703.5,110000,0.000134586
704,110000,0.000132711
704.5,110000,0.000130891
705,110000,0.000129126
705.5,110000,0.000127417
706,110000,0.000125764
706.5,110000,0.000124167
707,110000,0.000122626
707.5,110000,0.000121142
708,110000,0.000119714
708.5,110000,0.000118343
709,110000,0.000117029
709.5,110000,0.000115773
710,110000,0.000114573
710.5,110000,0.000113432
711,110000,0.000112347
711.5,110000,0.000111321
712,110000,0.000110353
712.5,110000,0.000109442
713,110000,0.00010859
713.5,110000,0.000107796
714,110000,0.00010706
714.5,110000,0.000106383
715,110000,0.000105765
715.5,110000,0.000105205
716,110000,0.000104704
716.5,110000,0.000104262
717,110000,0.000103878
717.5,110000,0.000103554
718,110000,0.000103288
718.5,110000,0.000103081
719,110000,0.000102934
719.5,110000,0.000102845
720,110000,0.000102816
